{"text": "2023-02-22T14:44:37.146044+0300INFOArticle 2 created\n", "record": {"elapsed": {"repr": "0:00:06.434502", "seconds": 6.434502}, "exception": null, "extra": {}, "file": {"name": "db_article_controller.py", "path": "/home/user/projects/useful_storage/storage_app/articles/controllers/db_article_controller.py"}, "function": "create_article", "level": {"icon": "ℹ️", "name": "INFO", "no": 20}, "line": 19, "message": "Article 2 created", "module": "db_article_controller", "name": "storage_app.articles.controllers.db_article_controller", "process": {"id": 8697, "name": "SpawnProcess-5"}, "thread": {"id": 140245885843264, "name": "MainThread"}, "time": {"repr": "2023-02-22 14:44:37.146044+03:00", "timestamp": 1677066277.146044}}}
{"text": "2023-02-22T14:45:36.997948+0300ERRORUser not saved. Error: (sqlalchemy.dialects.postgresql.asyncpg.IntegrityError) <class 'asyncpg.exceptions.ForeignKeyViolationError'>: insert or update on table \"articles\" violates foreign key constraint \"articles_user_id_fkey\"\nDETAIL:  Key (user_id)=(2) is not present in table \"users\".\n", "record": {"elapsed": {"repr": "0:01:06.286406", "seconds": 66.286406}, "exception": null, "extra": {}, "file": {"name": "db_article_controller.py", "path": "/home/user/projects/useful_storage/storage_app/articles/controllers/db_article_controller.py"}, "function": "create_article", "level": {"icon": "❌", "name": "ERROR", "no": 40}, "line": 22, "message": "User not saved. Error: (sqlalchemy.dialects.postgresql.asyncpg.IntegrityError) <class 'asyncpg.exceptions.ForeignKeyViolationError'>: insert or update on table \"articles\" violates foreign key constraint \"articles_user_id_fkey\"\nDETAIL:  Key (user_id)=(2) is not present in table \"users\".", "module": "db_article_controller", "name": "storage_app.articles.controllers.db_article_controller", "process": {"id": 8697, "name": "SpawnProcess-5"}, "thread": {"id": 140245885843264, "name": "MainThread"}, "time": {"repr": "2023-02-22 14:45:36.997948+03:00", "timestamp": 1677066336.997948}}}
{"text": "2023-02-22T14:50:18.179573+0300ERRORUser not saved. Error: (sqlalchemy.dialects.postgresql.asyncpg.IntegrityError) <class 'asyncpg.exceptions.ForeignKeyViolationError'>: insert or update on table \"articles\" violates foreign key constraint \"articles_user_id_fkey\"\nDETAIL:  Key (user_id)=(2) is not present in table \"users\".\n", "record": {"elapsed": {"repr": "0:05:47.468031", "seconds": 347.468031}, "exception": null, "extra": {}, "file": {"name": "db_article_controller.py", "path": "/home/user/projects/useful_storage/storage_app/articles/controllers/db_article_controller.py"}, "function": "create_article", "level": {"icon": "❌", "name": "ERROR", "no": 40}, "line": 22, "message": "User not saved. Error: (sqlalchemy.dialects.postgresql.asyncpg.IntegrityError) <class 'asyncpg.exceptions.ForeignKeyViolationError'>: insert or update on table \"articles\" violates foreign key constraint \"articles_user_id_fkey\"\nDETAIL:  Key (user_id)=(2) is not present in table \"users\".", "module": "db_article_controller", "name": "storage_app.articles.controllers.db_article_controller", "process": {"id": 8697, "name": "SpawnProcess-5"}, "thread": {"id": 140245885843264, "name": "MainThread"}, "time": {"repr": "2023-02-22 14:50:18.179573+03:00", "timestamp": 1677066618.179573}}}
{"text": "2023-02-22T14:51:27.610240+0300INFOArticle 5 created\n", "record": {"elapsed": {"repr": "0:06:56.898698", "seconds": 416.898698}, "exception": null, "extra": {}, "file": {"name": "db_article_controller.py", "path": "/home/user/projects/useful_storage/storage_app/articles/controllers/db_article_controller.py"}, "function": "create_article", "level": {"icon": "ℹ️", "name": "INFO", "no": 20}, "line": 19, "message": "Article 5 created", "module": "db_article_controller", "name": "storage_app.articles.controllers.db_article_controller", "process": {"id": 8697, "name": "SpawnProcess-5"}, "thread": {"id": 140245885843264, "name": "MainThread"}, "time": {"repr": "2023-02-22 14:51:27.610240+03:00", "timestamp": 1677066687.61024}}}
{"text": "2023-02-22T14:56:38.893002+0300INFOArticle 6 created\n", "record": {"elapsed": {"repr": "0:12:08.181460", "seconds": 728.18146}, "exception": null, "extra": {}, "file": {"name": "db_article_controller.py", "path": "/home/user/projects/useful_storage/storage_app/articles/controllers/db_article_controller.py"}, "function": "create_article", "level": {"icon": "ℹ️", "name": "INFO", "no": 20}, "line": 19, "message": "Article 6 created", "module": "db_article_controller", "name": "storage_app.articles.controllers.db_article_controller", "process": {"id": 8697, "name": "SpawnProcess-5"}, "thread": {"id": 140245885843264, "name": "MainThread"}, "time": {"repr": "2023-02-22 14:56:38.893002+03:00", "timestamp": 1677066998.893002}}}
{"text": "2023-02-22T14:58:19.268712+0300INFOArticle 7 created\n", "record": {"elapsed": {"repr": "0:13:48.557170", "seconds": 828.55717}, "exception": null, "extra": {}, "file": {"name": "db_article_controller.py", "path": "/home/user/projects/useful_storage/storage_app/articles/controllers/db_article_controller.py"}, "function": "create_article", "level": {"icon": "ℹ️", "name": "INFO", "no": 20}, "line": 19, "message": "Article 7 created", "module": "db_article_controller", "name": "storage_app.articles.controllers.db_article_controller", "process": {"id": 8697, "name": "SpawnProcess-5"}, "thread": {"id": 140245885843264, "name": "MainThread"}, "time": {"repr": "2023-02-22 14:58:19.268712+03:00", "timestamp": 1677067099.268712}}}
{"text": "2023-02-22T14:59:18.871080+0300INFOArticle 8 created\n", "record": {"elapsed": {"repr": "0:00:04.968893", "seconds": 4.968893}, "exception": null, "extra": {}, "file": {"name": "db_article_controller.py", "path": "/home/user/projects/useful_storage/storage_app/articles/controllers/db_article_controller.py"}, "function": "create_article", "level": {"icon": "ℹ️", "name": "INFO", "no": 20}, "line": 19, "message": "Article 8 created", "module": "db_article_controller", "name": "storage_app.articles.controllers.db_article_controller", "process": {"id": 9137, "name": "SpawnProcess-6"}, "thread": {"id": 140280681760576, "name": "MainThread"}, "time": {"repr": "2023-02-22 14:59:18.871080+03:00", "timestamp": 1677067158.87108}}}
{"text": "2023-02-22T15:00:06.369003+0300INFOArticle 9 created\n", "record": {"elapsed": {"repr": "0:00:52.466816", "seconds": 52.466816}, "exception": null, "extra": {}, "file": {"name": "db_article_controller.py", "path": "/home/user/projects/useful_storage/storage_app/articles/controllers/db_article_controller.py"}, "function": "create_article", "level": {"icon": "ℹ️", "name": "INFO", "no": 20}, "line": 19, "message": "Article 9 created", "module": "db_article_controller", "name": "storage_app.articles.controllers.db_article_controller", "process": {"id": 9137, "name": "SpawnProcess-6"}, "thread": {"id": 140280681760576, "name": "MainThread"}, "time": {"repr": "2023-02-22 15:00:06.369003+03:00", "timestamp": 1677067206.369003}}}
{"text": "2023-02-22T15:09:39.933830+0300INFOArticle 10 created\n", "record": {"elapsed": {"repr": "0:00:11.857421", "seconds": 11.857421}, "exception": null, "extra": {}, "file": {"name": "db_article_controller.py", "path": "/home/user/projects/useful_storage/storage_app/articles/controllers/db_article_controller.py"}, "function": "create_article", "level": {"icon": "ℹ️", "name": "INFO", "no": 20}, "line": 19, "message": "Article 10 created", "module": "db_article_controller", "name": "storage_app.articles.controllers.db_article_controller", "process": {"id": 10086, "name": "SpawnProcess-7"}, "thread": {"id": 139829267187520, "name": "MainThread"}, "time": {"repr": "2023-02-22 15:09:39.933830+03:00", "timestamp": 1677067779.93383}}}
{"text": "2023-02-22T15:10:18.399912+0300INFOArticle 11 created\n", "record": {"elapsed": {"repr": "0:00:50.323503", "seconds": 50.323503}, "exception": null, "extra": {}, "file": {"name": "db_article_controller.py", "path": "/home/user/projects/useful_storage/storage_app/articles/controllers/db_article_controller.py"}, "function": "create_article", "level": {"icon": "ℹ️", "name": "INFO", "no": 20}, "line": 19, "message": "Article 11 created", "module": "db_article_controller", "name": "storage_app.articles.controllers.db_article_controller", "process": {"id": 10086, "name": "SpawnProcess-7"}, "thread": {"id": 139829267187520, "name": "MainThread"}, "time": {"repr": "2023-02-22 15:10:18.399912+03:00", "timestamp": 1677067818.399912}}}
{"text": "2023-02-22T15:11:06.673265+0300INFOArticle 12 created\n", "record": {"elapsed": {"repr": "0:01:38.596856", "seconds": 98.596856}, "exception": null, "extra": {}, "file": {"name": "db_article_controller.py", "path": "/home/user/projects/useful_storage/storage_app/articles/controllers/db_article_controller.py"}, "function": "create_article", "level": {"icon": "ℹ️", "name": "INFO", "no": 20}, "line": 19, "message": "Article 12 created", "module": "db_article_controller", "name": "storage_app.articles.controllers.db_article_controller", "process": {"id": 10086, "name": "SpawnProcess-7"}, "thread": {"id": 139829267187520, "name": "MainThread"}, "time": {"repr": "2023-02-22 15:11:06.673265+03:00", "timestamp": 1677067866.673265}}}
{"text": "2023-02-22T15:17:17.565095+0300INFOArticle 13 created\n", "record": {"elapsed": {"repr": "0:07:49.488686", "seconds": 469.488686}, "exception": null, "extra": {}, "file": {"name": "db_article_controller.py", "path": "/home/user/projects/useful_storage/storage_app/articles/controllers/db_article_controller.py"}, "function": "create_article", "level": {"icon": "ℹ️", "name": "INFO", "no": 20}, "line": 19, "message": "Article 13 created", "module": "db_article_controller", "name": "storage_app.articles.controllers.db_article_controller", "process": {"id": 10086, "name": "SpawnProcess-7"}, "thread": {"id": 139829267187520, "name": "MainThread"}, "time": {"repr": "2023-02-22 15:17:17.565095+03:00", "timestamp": 1677068237.565095}}}
{"text": "2023-02-22T15:22:30.765629+0300INFOArticle 14 created\n", "record": {"elapsed": {"repr": "0:00:05.851397", "seconds": 5.851397}, "exception": null, "extra": {}, "file": {"name": "db_article_controller.py", "path": "/home/user/projects/useful_storage/storage_app/articles/controllers/db_article_controller.py"}, "function": "create_article", "level": {"icon": "ℹ️", "name": "INFO", "no": 20}, "line": 19, "message": "Article 14 created", "module": "db_article_controller", "name": "storage_app.articles.controllers.db_article_controller", "process": {"id": 10347, "name": "SpawnProcess-9"}, "thread": {"id": 140545150945088, "name": "MainThread"}, "time": {"repr": "2023-02-22 15:22:30.765629+03:00", "timestamp": 1677068550.765629}}}
{"text": "2023-02-22T15:24:58.579609+0300INFOArticle 15 created\n", "record": {"elapsed": {"repr": "0:00:07.799419", "seconds": 7.799419}, "exception": null, "extra": {}, "file": {"name": "db_article_controller.py", "path": "/home/user/projects/useful_storage/storage_app/articles/controllers/db_article_controller.py"}, "function": "create_article", "level": {"icon": "ℹ️", "name": "INFO", "no": 20}, "line": 19, "message": "Article 15 created", "module": "db_article_controller", "name": "storage_app.articles.controllers.db_article_controller", "process": {"id": 10416, "name": "SpawnProcess-10"}, "thread": {"id": 140122499385152, "name": "MainThread"}, "time": {"repr": "2023-02-22 15:24:58.579609+03:00", "timestamp": 1677068698.579609}}}
{"text": "2023-02-22T15:26:57.909469+0300INFOArticle 16 created\n", "record": {"elapsed": {"repr": "0:00:12.452133", "seconds": 12.452133}, "exception": null, "extra": {}, "file": {"name": "db_article_controller.py", "path": "/home/user/projects/useful_storage/storage_app/articles/controllers/db_article_controller.py"}, "function": "create_article", "level": {"icon": "ℹ️", "name": "INFO", "no": 20}, "line": 19, "message": "Article 16 created", "module": "db_article_controller", "name": "storage_app.articles.controllers.db_article_controller", "process": {"id": 10463, "name": "SpawnProcess-11"}, "thread": {"id": 139764130002752, "name": "MainThread"}, "time": {"repr": "2023-02-22 15:26:57.909469+03:00", "timestamp": 1677068817.909469}}}
{"text": "2023-02-22T15:58:32.077455+0300INFOArticle 17 created\n", "record": {"elapsed": {"repr": "0:00:13.308725", "seconds": 13.308725}, "exception": null, "extra": {}, "file": {"name": "db_article_controller.py", "path": "/home/user/projects/useful_storage/storage_app/articles/controllers/db_article_controller.py"}, "function": "create_article", "level": {"icon": "ℹ️", "name": "INFO", "no": 20}, "line": 21, "message": "Article 17 created", "module": "db_article_controller", "name": "storage_app.articles.controllers.db_article_controller", "process": {"id": 11393, "name": "SpawnProcess-13"}, "thread": {"id": 140489074243392, "name": "MainThread"}, "time": {"repr": "2023-02-22 15:58:32.077455+03:00", "timestamp": 1677070712.077455}}}
{"text": "2023-02-22T15:59:27.497122+0300INFOArticle 18 created\n", "record": {"elapsed": {"repr": "0:00:03.427930", "seconds": 3.42793}, "exception": null, "extra": {}, "file": {"name": "db_article_controller.py", "path": "/home/user/projects/useful_storage/storage_app/articles/controllers/db_article_controller.py"}, "function": "create_article", "level": {"icon": "ℹ️", "name": "INFO", "no": 20}, "line": 22, "message": "Article 18 created", "module": "db_article_controller", "name": "storage_app.articles.controllers.db_article_controller", "process": {"id": 11431, "name": "SpawnProcess-14"}, "thread": {"id": 139722098988864, "name": "MainThread"}, "time": {"repr": "2023-02-22 15:59:27.497122+03:00", "timestamp": 1677070767.497122}}}
{"text": "2023-02-22T16:02:10.778136+0300INFOArticle 19 created\n", "record": {"elapsed": {"repr": "0:00:51.744873", "seconds": 51.744873}, "exception": null, "extra": {}, "file": {"name": "db_article_controller.py", "path": "/home/user/projects/useful_storage/storage_app/articles/controllers/db_article_controller.py"}, "function": "create_article", "level": {"icon": "ℹ️", "name": "INFO", "no": 20}, "line": 22, "message": "Article 19 created", "module": "db_article_controller", "name": "storage_app.articles.controllers.db_article_controller", "process": {"id": 11475, "name": "SpawnProcess-15"}, "thread": {"id": 140106457241408, "name": "MainThread"}, "time": {"repr": "2023-02-22 16:02:10.778136+03:00", "timestamp": 1677070930.778136}}}
{"text": "2023-02-22T16:02:51.032299+0300INFOArticle 20 created\n", "record": {"elapsed": {"repr": "0:00:02.308849", "seconds": 2.308849}, "exception": null, "extra": {}, "file": {"name": "db_article_controller.py", "path": "/home/user/projects/useful_storage/storage_app/articles/controllers/db_article_controller.py"}, "function": "create_article", "level": {"icon": "ℹ️", "name": "INFO", "no": 20}, "line": 22, "message": "Article 20 created", "module": "db_article_controller", "name": "storage_app.articles.controllers.db_article_controller", "process": {"id": 11522, "name": "SpawnProcess-16"}, "thread": {"id": 140667913992000, "name": "MainThread"}, "time": {"repr": "2023-02-22 16:02:51.032299+03:00", "timestamp": 1677070971.032299}}}
{"text": "2023-02-22T16:03:58.557183+0300INFOArticle 21 created\n", "record": {"elapsed": {"repr": "0:01:09.833733", "seconds": 69.833733}, "exception": null, "extra": {}, "file": {"name": "db_article_controller.py", "path": "/home/user/projects/useful_storage/storage_app/articles/controllers/db_article_controller.py"}, "function": "create_article", "level": {"icon": "ℹ️", "name": "INFO", "no": 20}, "line": 22, "message": "Article 21 created", "module": "db_article_controller", "name": "storage_app.articles.controllers.db_article_controller", "process": {"id": 11522, "name": "SpawnProcess-16"}, "thread": {"id": 140667913992000, "name": "MainThread"}, "time": {"repr": "2023-02-22 16:03:58.557183+03:00", "timestamp": 1677071038.557183}}}
{"text": "2023-02-22T16:14:33.475007+0300INFOArticle 22 created\n", "record": {"elapsed": {"repr": "0:00:14.343502", "seconds": 14.343502}, "exception": null, "extra": {}, "file": {"name": "db_article_controller.py", "path": "/home/user/projects/useful_storage/storage_app/articles/controllers/db_article_controller.py"}, "function": "create_article", "level": {"icon": "ℹ️", "name": "INFO", "no": 20}, "line": 19, "message": "Article 22 created", "module": "db_article_controller", "name": "storage_app.articles.controllers.db_article_controller", "process": {"id": 12043, "name": "SpawnProcess-17"}, "thread": {"id": 140216774207296, "name": "MainThread"}, "time": {"repr": "2023-02-22 16:14:33.475007+03:00", "timestamp": 1677071673.475007}}}
{"text": "2023-02-22T16:15:43.362463+0300INFOArticle 23 created\n", "record": {"elapsed": {"repr": "0:01:24.230958", "seconds": 84.230958}, "exception": null, "extra": {}, "file": {"name": "db_article_controller.py", "path": "/home/user/projects/useful_storage/storage_app/articles/controllers/db_article_controller.py"}, "function": "create_article", "level": {"icon": "ℹ️", "name": "INFO", "no": 20}, "line": 19, "message": "Article 23 created", "module": "db_article_controller", "name": "storage_app.articles.controllers.db_article_controller", "process": {"id": 12043, "name": "SpawnProcess-17"}, "thread": {"id": 140216774207296, "name": "MainThread"}, "time": {"repr": "2023-02-22 16:15:43.362463+03:00", "timestamp": 1677071743.362463}}}
{"text": "2023-02-22T16:15:53.703424+0300ERRORUser not saved. Error: (builtins.LookupError) '5' is not among the defined enum values. Enum name: language. Possible values: ENGLISH, RUSSIAN\n", "record": {"elapsed": {"repr": "0:01:34.571919", "seconds": 94.571919}, "exception": null, "extra": {}, "file": {"name": "db_article_controller.py", "path": "/home/user/projects/useful_storage/storage_app/articles/controllers/db_article_controller.py"}, "function": "create_article", "level": {"icon": "❌", "name": "ERROR", "no": 40}, "line": 22, "message": "User not saved. Error: (builtins.LookupError) '5' is not among the defined enum values. Enum name: language. Possible values: ENGLISH, RUSSIAN", "module": "db_article_controller", "name": "storage_app.articles.controllers.db_article_controller", "process": {"id": 12043, "name": "SpawnProcess-17"}, "thread": {"id": 140216774207296, "name": "MainThread"}, "time": {"repr": "2023-02-22 16:15:53.703424+03:00", "timestamp": 1677071753.703424}}}
{"text": "2023-02-22T16:23:36.798475+0300INFOArticle 24 created\n", "record": {"elapsed": {"repr": "0:00:16.181777", "seconds": 16.181777}, "exception": null, "extra": {}, "file": {"name": "db_article_controller.py", "path": "/home/user/projects/useful_storage/storage_app/articles/controllers/db_article_controller.py"}, "function": "create_article", "level": {"icon": "ℹ️", "name": "INFO", "no": 20}, "line": 19, "message": "Article 24 created", "module": "db_article_controller", "name": "storage_app.articles.controllers.db_article_controller", "process": {"id": 12328, "name": "SpawnProcess-18"}, "thread": {"id": 140492368824128, "name": "MainThread"}, "time": {"repr": "2023-02-22 16:23:36.798475+03:00", "timestamp": 1677072216.798475}}}
{"text": "2023-02-22T16:50:16.615034+0300INFOArticle with 1 deleted\n", "record": {"elapsed": {"repr": "0:00:12.766561", "seconds": 12.766561}, "exception": null, "extra": {}, "file": {"name": "db_article_controller.py", "path": "/home/user/projects/useful_storage/storage_app/articles/controllers/db_article_controller.py"}, "function": "delete_article", "level": {"icon": "ℹ️", "name": "INFO", "no": 20}, "line": 44, "message": "Article with 1 deleted", "module": "db_article_controller", "name": "storage_app.articles.controllers.db_article_controller", "process": {"id": 13227, "name": "SpawnProcess-23"}, "thread": {"id": 140644832192320, "name": "MainThread"}, "time": {"repr": "2023-02-22 16:50:16.615034+03:00", "timestamp": 1677073816.615034}}}
{"text": "2023-02-22T16:51:46.866753+0300INFOArticle with 24 deleted\n", "record": {"elapsed": {"repr": "0:01:43.018280", "seconds": 103.01828}, "exception": null, "extra": {}, "file": {"name": "db_article_controller.py", "path": "/home/user/projects/useful_storage/storage_app/articles/controllers/db_article_controller.py"}, "function": "delete_article", "level": {"icon": "ℹ️", "name": "INFO", "no": 20}, "line": 44, "message": "Article with 24 deleted", "module": "db_article_controller", "name": "storage_app.articles.controllers.db_article_controller", "process": {"id": 13227, "name": "SpawnProcess-23"}, "thread": {"id": 140644832192320, "name": "MainThread"}, "time": {"repr": "2023-02-22 16:51:46.866753+03:00", "timestamp": 1677073906.866753}}}
{"text": "2023-02-22T16:53:31.474686+0300INFOUser with 3 deleted\n", "record": {"elapsed": {"repr": "0:03:27.626213", "seconds": 207.626213}, "exception": null, "extra": {}, "file": {"name": "db_user_controller.py", "path": "/home/user/projects/useful_storage/storage_app/users/controllers/db_user_controller.py"}, "function": "delete_user", "level": {"icon": "ℹ️", "name": "INFO", "no": 20}, "line": 53, "message": "User with 3 deleted", "module": "db_user_controller", "name": "storage_app.users.controllers.db_user_controller", "process": {"id": 13227, "name": "SpawnProcess-23"}, "thread": {"id": 140644832192320, "name": "MainThread"}, "time": {"repr": "2023-02-22 16:53:31.474686+03:00", "timestamp": 1677074011.474686}}}
{"text": "2023-02-22T16:57:09.552063+0300ERRORAttempt to get nonexistent user with id 1000\n", "record": {"elapsed": {"repr": "0:07:05.703590", "seconds": 425.70359}, "exception": null, "extra": {}, "file": {"name": "api_user_controller.py", "path": "/home/user/projects/useful_storage/storage_app/users/controllers/api_user_controller.py"}, "function": "delete_user", "level": {"icon": "❌", "name": "ERROR", "no": 40}, "line": 36, "message": "Attempt to get nonexistent user with id 1000", "module": "api_user_controller", "name": "storage_app.users.controllers.api_user_controller", "process": {"id": 13227, "name": "SpawnProcess-23"}, "thread": {"id": 140644832192320, "name": "MainThread"}, "time": {"repr": "2023-02-22 16:57:09.552063+03:00", "timestamp": 1677074229.552063}}}
{"text": "2023-02-22T16:58:16.699939+0300INFOArticle with 24 deleted\n", "record": {"elapsed": {"repr": "0:00:08.038737", "seconds": 8.038737}, "exception": null, "extra": {}, "file": {"name": "db_article_controller.py", "path": "/home/user/projects/useful_storage/storage_app/articles/controllers/db_article_controller.py"}, "function": "delete_article", "level": {"icon": "ℹ️", "name": "INFO", "no": 20}, "line": 45, "message": "Article with 24 deleted", "module": "db_article_controller", "name": "storage_app.articles.controllers.db_article_controller", "process": {"id": 13660, "name": "SpawnProcess-24"}, "thread": {"id": 140699780433728, "name": "MainThread"}, "time": {"repr": "2023-02-22 16:58:16.699939+03:00", "timestamp": 1677074296.699939}}}
{"text": "2023-02-22T16:59:05.905781+0300INFOArticle with 24 deleted\n", "record": {"elapsed": {"repr": "0:00:12.622452", "seconds": 12.622452}, "exception": null, "extra": {}, "file": {"name": "db_article_controller.py", "path": "/home/user/projects/useful_storage/storage_app/articles/controllers/db_article_controller.py"}, "function": "delete_article", "level": {"icon": "ℹ️", "name": "INFO", "no": 20}, "line": 46, "message": "Article with 24 deleted", "module": "db_article_controller", "name": "storage_app.articles.controllers.db_article_controller", "process": {"id": 13681, "name": "SpawnProcess-25"}, "thread": {"id": 140284219537216, "name": "MainThread"}, "time": {"repr": "2023-02-22 16:59:05.905781+03:00", "timestamp": 1677074345.905781}}}
{"text": "2023-02-22T17:00:56.412106+0300INFOArticle with 24 deleted\n", "record": {"elapsed": {"repr": "0:00:02.287284", "seconds": 2.287284}, "exception": null, "extra": {}, "file": {"name": "db_article_controller.py", "path": "/home/user/projects/useful_storage/storage_app/articles/controllers/db_article_controller.py"}, "function": "delete_article", "level": {"icon": "ℹ️", "name": "INFO", "no": 20}, "line": 47, "message": "Article with 24 deleted", "module": "db_article_controller", "name": "storage_app.articles.controllers.db_article_controller", "process": {"id": 13868, "name": "SpawnProcess-26"}, "thread": {"id": 140000324192064, "name": "MainThread"}, "time": {"repr": "2023-02-22 17:00:56.412106+03:00", "timestamp": 1677074456.412106}}}
{"text": "2023-02-22T17:18:16.431188+0300INFOArticle 5 updated\n", "record": {"elapsed": {"repr": "0:01:57.713903", "seconds": 117.713903}, "exception": null, "extra": {}, "file": {"name": "db_article_controller.py", "path": "/home/user/projects/useful_storage/storage_app/articles/controllers/db_article_controller.py"}, "function": "update_article", "level": {"icon": "ℹ️", "name": "INFO", "no": 20}, "line": 56, "message": "Article 5 updated", "module": "db_article_controller", "name": "storage_app.articles.controllers.db_article_controller", "process": {"id": 14208, "name": "SpawnProcess-27"}, "thread": {"id": 139773764503360, "name": "MainThread"}, "time": {"repr": "2023-02-22 17:18:16.431188+03:00", "timestamp": 1677075496.431188}}}
{"text": "2023-02-22T17:18:29.342585+0300INFOArticle 5 updated\n", "record": {"elapsed": {"repr": "0:02:10.625300", "seconds": 130.6253}, "exception": null, "extra": {}, "file": {"name": "db_article_controller.py", "path": "/home/user/projects/useful_storage/storage_app/articles/controllers/db_article_controller.py"}, "function": "update_article", "level": {"icon": "ℹ️", "name": "INFO", "no": 20}, "line": 56, "message": "Article 5 updated", "module": "db_article_controller", "name": "storage_app.articles.controllers.db_article_controller", "process": {"id": 14208, "name": "SpawnProcess-27"}, "thread": {"id": 139773764503360, "name": "MainThread"}, "time": {"repr": "2023-02-22 17:18:29.342585+03:00", "timestamp": 1677075509.342585}}}
{"text": "2023-02-22T17:19:20.687520+0300INFOArticle 5 updated\n", "record": {"elapsed": {"repr": "0:03:01.970235", "seconds": 181.970235}, "exception": null, "extra": {}, "file": {"name": "db_article_controller.py", "path": "/home/user/projects/useful_storage/storage_app/articles/controllers/db_article_controller.py"}, "function": "update_article", "level": {"icon": "ℹ️", "name": "INFO", "no": 20}, "line": 56, "message": "Article 5 updated", "module": "db_article_controller", "name": "storage_app.articles.controllers.db_article_controller", "process": {"id": 14208, "name": "SpawnProcess-27"}, "thread": {"id": 139773764503360, "name": "MainThread"}, "time": {"repr": "2023-02-22 17:19:20.687520+03:00", "timestamp": 1677075560.68752}}}
{"text": "2023-02-22T17:19:48.334904+0300INFOArticle 5 updated\n", "record": {"elapsed": {"repr": "0:03:29.617619", "seconds": 209.617619}, "exception": null, "extra": {}, "file": {"name": "db_article_controller.py", "path": "/home/user/projects/useful_storage/storage_app/articles/controllers/db_article_controller.py"}, "function": "update_article", "level": {"icon": "ℹ️", "name": "INFO", "no": 20}, "line": 56, "message": "Article 5 updated", "module": "db_article_controller", "name": "storage_app.articles.controllers.db_article_controller", "process": {"id": 14208, "name": "SpawnProcess-27"}, "thread": {"id": 139773764503360, "name": "MainThread"}, "time": {"repr": "2023-02-22 17:19:48.334904+03:00", "timestamp": 1677075588.334904}}}
{"text": "2023-02-22T17:20:09.867908+0300INFOArticle 5 updated\n", "record": {"elapsed": {"repr": "0:03:51.150623", "seconds": 231.150623}, "exception": null, "extra": {}, "file": {"name": "db_article_controller.py", "path": "/home/user/projects/useful_storage/storage_app/articles/controllers/db_article_controller.py"}, "function": "update_article", "level": {"icon": "ℹ️", "name": "INFO", "no": 20}, "line": 56, "message": "Article 5 updated", "module": "db_article_controller", "name": "storage_app.articles.controllers.db_article_controller", "process": {"id": 14208, "name": "SpawnProcess-27"}, "thread": {"id": 139773764503360, "name": "MainThread"}, "time": {"repr": "2023-02-22 17:20:09.867908+03:00", "timestamp": 1677075609.867908}}}
{"text": "2023-02-22T17:47:28.267923+0300INFOArticle 5 updated\n", "record": {"elapsed": {"repr": "0:31:09.550638", "seconds": 1869.550638}, "exception": null, "extra": {}, "file": {"name": "db_article_controller.py", "path": "/home/user/projects/useful_storage/storage_app/articles/controllers/db_article_controller.py"}, "function": "update_article", "level": {"icon": "ℹ️", "name": "INFO", "no": 20}, "line": 56, "message": "Article 5 updated", "module": "db_article_controller", "name": "storage_app.articles.controllers.db_article_controller", "process": {"id": 14208, "name": "SpawnProcess-27"}, "thread": {"id": 139773764503360, "name": "MainThread"}, "time": {"repr": "2023-02-22 17:47:28.267923+03:00", "timestamp": 1677077248.267923}}}
{"text": "2023-02-22T17:47:39.884048+0300INFOArticle 5 updated\n", "record": {"elapsed": {"repr": "0:31:21.166763", "seconds": 1881.166763}, "exception": null, "extra": {}, "file": {"name": "db_article_controller.py", "path": "/home/user/projects/useful_storage/storage_app/articles/controllers/db_article_controller.py"}, "function": "update_article", "level": {"icon": "ℹ️", "name": "INFO", "no": 20}, "line": 56, "message": "Article 5 updated", "module": "db_article_controller", "name": "storage_app.articles.controllers.db_article_controller", "process": {"id": 14208, "name": "SpawnProcess-27"}, "thread": {"id": 139773764503360, "name": "MainThread"}, "time": {"repr": "2023-02-22 17:47:39.884048+03:00", "timestamp": 1677077259.884048}}}
{"text": "2023-02-22T17:49:04.285919+0300INFOArticle 5 updated\n", "record": {"elapsed": {"repr": "0:32:45.568634", "seconds": 1965.568634}, "exception": null, "extra": {}, "file": {"name": "db_article_controller.py", "path": "/home/user/projects/useful_storage/storage_app/articles/controllers/db_article_controller.py"}, "function": "update_article", "level": {"icon": "ℹ️", "name": "INFO", "no": 20}, "line": 56, "message": "Article 5 updated", "module": "db_article_controller", "name": "storage_app.articles.controllers.db_article_controller", "process": {"id": 14208, "name": "SpawnProcess-27"}, "thread": {"id": 139773764503360, "name": "MainThread"}, "time": {"repr": "2023-02-22 17:49:04.285919+03:00", "timestamp": 1677077344.285919}}}
{"text": "2023-02-22T17:56:52.962333+0300INFOUser user@example.com registered\n", "record": {"elapsed": {"repr": "0:00:17.095402", "seconds": 17.095402}, "exception": null, "extra": {}, "file": {"name": "db_user_controller.py", "path": "/home/user/projects/useful_storage/storage_app/users/controllers/db_user_controller.py"}, "function": "create_user", "level": {"icon": "ℹ️", "name": "INFO", "no": 20}, "line": 22, "message": "User user@example.com registered", "module": "db_user_controller", "name": "storage_app.users.controllers.db_user_controller", "process": {"id": 15796, "name": "SpawnProcess-30"}, "thread": {"id": 140603666167616, "name": "MainThread"}, "time": {"repr": "2023-02-22 17:56:52.962333+03:00", "timestamp": 1677077812.962333}}}
{"text": "2023-02-22T17:57:13.936521+0300INFOUser user123@example.com registered\n", "record": {"elapsed": {"repr": "0:00:38.069590", "seconds": 38.06959}, "exception": null, "extra": {}, "file": {"name": "db_user_controller.py", "path": "/home/user/projects/useful_storage/storage_app/users/controllers/db_user_controller.py"}, "function": "create_user", "level": {"icon": "ℹ️", "name": "INFO", "no": 20}, "line": 22, "message": "User user123@example.com registered", "module": "db_user_controller", "name": "storage_app.users.controllers.db_user_controller", "process": {"id": 15796, "name": "SpawnProcess-30"}, "thread": {"id": 140603666167616, "name": "MainThread"}, "time": {"repr": "2023-02-22 17:57:13.936521+03:00", "timestamp": 1677077833.936521}}}
{"text": "2023-02-22T17:57:47.839840+0300ERRORUser with username user123@example.com already exists\n", "record": {"elapsed": {"repr": "0:00:15.097693", "seconds": 15.097693}, "exception": null, "extra": {}, "file": {"name": "api_user_controller.py", "path": "/home/user/projects/useful_storage/storage_app/users/controllers/api_user_controller.py"}, "function": "create_user", "level": {"icon": "❌", "name": "ERROR", "no": 40}, "line": 13, "message": "User with username user123@example.com already exists", "module": "api_user_controller", "name": "storage_app.users.controllers.api_user_controller", "process": {"id": 15830, "name": "SpawnProcess-31"}, "thread": {"id": 139727861536576, "name": "MainThread"}, "time": {"repr": "2023-02-22 17:57:47.839840+03:00", "timestamp": 1677077867.83984}}}
{"text": "2023-02-22T18:01:05.108543+0300ERRORUser with username User123@example.com already exists\n", "record": {"elapsed": {"repr": "0:03:32.366396", "seconds": 212.366396}, "exception": null, "extra": {}, "file": {"name": "api_user_controller.py", "path": "/home/user/projects/useful_storage/storage_app/users/controllers/api_user_controller.py"}, "function": "create_user", "level": {"icon": "❌", "name": "ERROR", "no": 40}, "line": 13, "message": "User with username User123@example.com already exists", "module": "api_user_controller", "name": "storage_app.users.controllers.api_user_controller", "process": {"id": 15830, "name": "SpawnProcess-31"}, "thread": {"id": 139727861536576, "name": "MainThread"}, "time": {"repr": "2023-02-22 18:01:05.108543+03:00", "timestamp": 1677078065.108543}}}
{"text": "2023-02-22T18:39:33.781506+0300INFONew token created\n", "record": {"elapsed": {"repr": "0:00:45.572566", "seconds": 45.572566}, "exception": null, "extra": {}, "file": {"name": "token_controller.py", "path": "/home/user/projects/useful_storage/storage_app/authentication/controllers/token_controller.py"}, "function": "create_access_token", "level": {"icon": "ℹ️", "name": "INFO", "no": 20}, "line": 20, "message": "New token created", "module": "token_controller", "name": "storage_app.authentication.controllers.token_controller", "process": {"id": 17163, "name": "SpawnProcess-6"}, "thread": {"id": 139923544381248, "name": "MainThread"}, "time": {"repr": "2023-02-22 18:39:33.781506+03:00", "timestamp": 1677080373.781506}}}
{"text": "2023-02-22T18:45:51.314749+0300INFONew token created\n", "record": {"elapsed": {"repr": "0:00:40.674669", "seconds": 40.674669}, "exception": null, "extra": {}, "file": {"name": "token_controller.py", "path": "/home/user/projects/useful_storage/storage_app/authentication/controllers/token_controller.py"}, "function": "create_access_token", "level": {"icon": "ℹ️", "name": "INFO", "no": 20}, "line": 20, "message": "New token created", "module": "token_controller", "name": "storage_app.authentication.controllers.token_controller", "process": {"id": 17351, "name": "SpawnProcess-7"}, "thread": {"id": 139677389182784, "name": "MainThread"}, "time": {"repr": "2023-02-22 18:45:51.314749+03:00", "timestamp": 1677080751.314749}}}
{"text": "2023-02-22T18:55:44.045353+0300INFONew token created\n", "record": {"elapsed": {"repr": "0:00:29.098623", "seconds": 29.098623}, "exception": null, "extra": {}, "file": {"name": "token_controller.py", "path": "/home/user/projects/useful_storage/storage_app/authentication/controllers/token_controller.py"}, "function": "create_access_token", "level": {"icon": "ℹ️", "name": "INFO", "no": 20}, "line": 20, "message": "New token created", "module": "token_controller", "name": "storage_app.authentication.controllers.token_controller", "process": {"id": 17659, "name": "SpawnProcess-9"}, "thread": {"id": 139866636642112, "name": "MainThread"}, "time": {"repr": "2023-02-22 18:55:44.045353+03:00", "timestamp": 1677081344.045353}}}
{"text": "2023-02-22T18:56:11.888881+0300INFOCreation of a new article started\n", "record": {"elapsed": {"repr": "0:00:56.942151", "seconds": 56.942151}, "exception": null, "extra": {}, "file": {"name": "db_article_controller.py", "path": "/home/user/projects/useful_storage/storage_app/articles/controllers/db_article_controller.py"}, "function": "create_article", "level": {"icon": "ℹ️", "name": "INFO", "no": 20}, "line": 16, "message": "Creation of a new article started", "module": "db_article_controller", "name": "storage_app.articles.controllers.db_article_controller", "process": {"id": 17659, "name": "SpawnProcess-9"}, "thread": {"id": 139866636642112, "name": "MainThread"}, "time": {"repr": "2023-02-22 18:56:11.888881+03:00", "timestamp": 1677081371.888881}}}
{"text": "2023-02-22T18:56:13.410962+0300INFOArticle 25 created\n", "record": {"elapsed": {"repr": "0:00:58.464232", "seconds": 58.464232}, "exception": null, "extra": {}, "file": {"name": "db_article_controller.py", "path": "/home/user/projects/useful_storage/storage_app/articles/controllers/db_article_controller.py"}, "function": "create_article", "level": {"icon": "ℹ️", "name": "INFO", "no": 20}, "line": 21, "message": "Article 25 created", "module": "db_article_controller", "name": "storage_app.articles.controllers.db_article_controller", "process": {"id": 17659, "name": "SpawnProcess-9"}, "thread": {"id": 139866636642112, "name": "MainThread"}, "time": {"repr": "2023-02-22 18:56:13.410962+03:00", "timestamp": 1677081373.410962}}}
{"text": "2023-02-22T18:57:37.118368+0300INFOArticle 25 updated\n", "record": {"elapsed": {"repr": "0:02:22.171638", "seconds": 142.171638}, "exception": null, "extra": {}, "file": {"name": "db_article_controller.py", "path": "/home/user/projects/useful_storage/storage_app/articles/controllers/db_article_controller.py"}, "function": "update_article", "level": {"icon": "ℹ️", "name": "INFO", "no": 20}, "line": 57, "message": "Article 25 updated", "module": "db_article_controller", "name": "storage_app.articles.controllers.db_article_controller", "process": {"id": 17659, "name": "SpawnProcess-9"}, "thread": {"id": 139866636642112, "name": "MainThread"}, "time": {"repr": "2023-02-22 18:57:37.118368+03:00", "timestamp": 1677081457.118368}}}
{"text": "2023-02-22T19:22:15.067609+0300INFONew token created\n", "record": {"elapsed": {"repr": "0:00:38.795307", "seconds": 38.795307}, "exception": null, "extra": {}, "file": {"name": "token_controller.py", "path": "/home/user/projects/useful_storage/storage_app/authentication/controllers/token_controller.py"}, "function": "create_access_token", "level": {"icon": "ℹ️", "name": "INFO", "no": 20}, "line": 20, "message": "New token created", "module": "token_controller", "name": "storage_app.authentication.controllers.token_controller", "process": {"id": 18259, "name": "SpawnProcess-11"}, "thread": {"id": 139840546064192, "name": "MainThread"}, "time": {"repr": "2023-02-22 19:22:15.067609+03:00", "timestamp": 1677082935.067609}}}
{"text": "2023-02-22T19:31:53.075224+0300INFOCreation of a new article started\n", "record": {"elapsed": {"repr": "0:00:46.507279", "seconds": 46.507279}, "exception": null, "extra": {}, "file": {"name": "db_article_controller.py", "path": "/home/user/projects/useful_storage/storage_app/articles/controllers/db_article_controller.py"}, "function": "create_article", "level": {"icon": "ℹ️", "name": "INFO", "no": 20}, "line": 16, "message": "Creation of a new article started", "module": "db_article_controller", "name": "storage_app.articles.controllers.db_article_controller", "process": {"id": 18487, "name": "SpawnProcess-12"}, "thread": {"id": 139787790784320, "name": "MainThread"}, "time": {"repr": "2023-02-22 19:31:53.075224+03:00", "timestamp": 1677083513.075224}}}
{"text": "2023-02-22T19:31:53.085986+0300INFOArticle 26 created\n", "record": {"elapsed": {"repr": "0:00:46.518041", "seconds": 46.518041}, "exception": null, "extra": {}, "file": {"name": "db_article_controller.py", "path": "/home/user/projects/useful_storage/storage_app/articles/controllers/db_article_controller.py"}, "function": "create_article", "level": {"icon": "ℹ️", "name": "INFO", "no": 20}, "line": 21, "message": "Article 26 created", "module": "db_article_controller", "name": "storage_app.articles.controllers.db_article_controller", "process": {"id": 18487, "name": "SpawnProcess-12"}, "thread": {"id": 139787790784320, "name": "MainThread"}, "time": {"repr": "2023-02-22 19:31:53.085986+03:00", "timestamp": 1677083513.085986}}}
{"text": "2023-02-22T19:32:36.692164+0300INFOArticle with 25 deleted\n", "record": {"elapsed": {"repr": "0:01:30.124219", "seconds": 90.124219}, "exception": null, "extra": {}, "file": {"name": "db_article_controller.py", "path": "/home/user/projects/useful_storage/storage_app/articles/controllers/db_article_controller.py"}, "function": "delete_article", "level": {"icon": "ℹ️", "name": "INFO", "no": 20}, "line": 46, "message": "Article with 25 deleted", "module": "db_article_controller", "name": "storage_app.articles.controllers.db_article_controller", "process": {"id": 18487, "name": "SpawnProcess-12"}, "thread": {"id": 139787790784320, "name": "MainThread"}, "time": {"repr": "2023-02-22 19:32:36.692164+03:00", "timestamp": 1677083556.692164}}}
{"text": "2023-02-22T19:32:48.452349+0300ERRORAttempt to update nonexistent article with id 25\n", "record": {"elapsed": {"repr": "0:01:41.884404", "seconds": 101.884404}, "exception": null, "extra": {}, "file": {"name": "api_article_controller.py", "path": "/home/user/projects/useful_storage/storage_app/articles/controllers/api_article_controller.py"}, "function": "update_article", "level": {"icon": "❌", "name": "ERROR", "no": 40}, "line": 47, "message": "Attempt to update nonexistent article with id 25", "module": "api_article_controller", "name": "storage_app.articles.controllers.api_article_controller", "process": {"id": 18487, "name": "SpawnProcess-12"}, "thread": {"id": 139787790784320, "name": "MainThread"}, "time": {"repr": "2023-02-22 19:32:48.452349+03:00", "timestamp": 1677083568.452349}}}
{"text": "2023-02-22T22:01:35.340509+0300INFONew token created\n", "record": {"elapsed": {"repr": "0:00:46.782725", "seconds": 46.782725}, "exception": null, "extra": {}, "file": {"name": "token_controller.py", "path": "/home/user/projects/useful_storage/storage_app/authentication/controllers/token_controller.py"}, "function": "create_access_token", "level": {"icon": "ℹ️", "name": "INFO", "no": 20}, "line": 20, "message": "New token created", "module": "token_controller", "name": "storage_app.authentication.controllers.token_controller", "process": {"id": 25199, "name": "SpawnProcess-1"}, "thread": {"id": 140697051129664, "name": "MainThread"}, "time": {"repr": "2023-02-22 22:01:35.340509+03:00", "timestamp": 1677092495.340509}}}
{"text": "2023-02-22T22:45:28.420344+0300INFONew access token created\n", "record": {"elapsed": {"repr": "0:00:08.752211", "seconds": 8.752211}, "exception": null, "extra": {}, "file": {"name": "token_controller.py", "path": "/home/user/projects/useful_storage/storage_app/authentication/controllers/token_controller.py"}, "function": "create_access_token", "level": {"icon": "ℹ️", "name": "INFO", "no": 20}, "line": 20, "message": "New access token created", "module": "token_controller", "name": "storage_app.authentication.controllers.token_controller", "process": {"id": 28357, "name": "SpawnProcess-9"}, "thread": {"id": 140434746050368, "name": "MainThread"}, "time": {"repr": "2023-02-22 22:45:28.420344+03:00", "timestamp": 1677095128.420344}}}
{"text": "2023-02-22T22:45:28.422128+0300INFONew refresh token created\n", "record": {"elapsed": {"repr": "0:00:08.753995", "seconds": 8.753995}, "exception": null, "extra": {}, "file": {"name": "token_controller.py", "path": "/home/user/projects/useful_storage/storage_app/authentication/controllers/token_controller.py"}, "function": "create_refresh_token", "level": {"icon": "ℹ️", "name": "INFO", "no": 20}, "line": 34, "message": "New refresh token created", "module": "token_controller", "name": "storage_app.authentication.controllers.token_controller", "process": {"id": 28357, "name": "SpawnProcess-9"}, "thread": {"id": 140434746050368, "name": "MainThread"}, "time": {"repr": "2023-02-22 22:45:28.422128+03:00", "timestamp": 1677095128.422128}}}
{"text": "2023-02-22T22:59:09.648234+0300INFONew access token created\n", "record": {"elapsed": {"repr": "0:05:47.962368", "seconds": 347.962368}, "exception": null, "extra": {}, "file": {"name": "token_controller.py", "path": "/home/user/projects/useful_storage/storage_app/authentication/controllers/token_controller.py"}, "function": "create_access_token", "level": {"icon": "ℹ️", "name": "INFO", "no": 20}, "line": 20, "message": "New access token created", "module": "token_controller", "name": "storage_app.authentication.controllers.token_controller", "process": {"id": 30372, "name": "SpawnProcess-11"}, "thread": {"id": 140397216646976, "name": "MainThread"}, "time": {"repr": "2023-02-22 22:59:09.648234+03:00", "timestamp": 1677095949.648234}}}
{"text": "2023-02-22T22:59:09.648871+0300INFONew refresh token created\n", "record": {"elapsed": {"repr": "0:05:47.963005", "seconds": 347.963005}, "exception": null, "extra": {}, "file": {"name": "token_controller.py", "path": "/home/user/projects/useful_storage/storage_app/authentication/controllers/token_controller.py"}, "function": "create_refresh_token", "level": {"icon": "ℹ️", "name": "INFO", "no": 20}, "line": 34, "message": "New refresh token created", "module": "token_controller", "name": "storage_app.authentication.controllers.token_controller", "process": {"id": 30372, "name": "SpawnProcess-11"}, "thread": {"id": 140397216646976, "name": "MainThread"}, "time": {"repr": "2023-02-22 22:59:09.648871+03:00", "timestamp": 1677095949.648871}}}
{"text": "2023-02-22T23:16:38.373607+0300INFONew access token created\n", "record": {"elapsed": {"repr": "0:00:31.064530", "seconds": 31.06453}, "exception": null, "extra": {}, "file": {"name": "token_controller.py", "path": "/home/user/projects/useful_storage/storage_app/authentication/controllers/token_controller.py"}, "function": "create_access_token", "level": {"icon": "ℹ️", "name": "INFO", "no": 20}, "line": 20, "message": "New access token created", "module": "token_controller", "name": "storage_app.authentication.controllers.token_controller", "process": {"id": 34809, "name": "SpawnProcess-19"}, "thread": {"id": 139927674246976, "name": "MainThread"}, "time": {"repr": "2023-02-22 23:16:38.373607+03:00", "timestamp": 1677096998.373607}}}
{"text": "2023-02-22T23:16:38.375390+0300INFONew refresh token created\n", "record": {"elapsed": {"repr": "0:00:31.066313", "seconds": 31.066313}, "exception": null, "extra": {}, "file": {"name": "token_controller.py", "path": "/home/user/projects/useful_storage/storage_app/authentication/controllers/token_controller.py"}, "function": "create_refresh_token", "level": {"icon": "ℹ️", "name": "INFO", "no": 20}, "line": 34, "message": "New refresh token created", "module": "token_controller", "name": "storage_app.authentication.controllers.token_controller", "process": {"id": 34809, "name": "SpawnProcess-19"}, "thread": {"id": 139927674246976, "name": "MainThread"}, "time": {"repr": "2023-02-22 23:16:38.375390+03:00", "timestamp": 1677096998.37539}}}
{"text": "2023-02-23T00:17:35.673166+0300INFONew access token created\n", "record": {"elapsed": {"repr": "0:06:01.107958", "seconds": 361.107958}, "exception": null, "extra": {}, "file": {"name": "token_controller.py", "path": "/home/user/projects/useful_storage/storage_app/authentication/controllers/token_controller.py"}, "function": "create_access_token", "level": {"icon": "ℹ️", "name": "INFO", "no": 20}, "line": 20, "message": "New access token created", "module": "token_controller", "name": "storage_app.authentication.controllers.token_controller", "process": {"id": 36779, "name": "SpawnProcess-23"}, "thread": {"id": 140264128849728, "name": "MainThread"}, "time": {"repr": "2023-02-23 00:17:35.673166+03:00", "timestamp": 1677100655.673166}}}
{"text": "2023-02-23T00:17:35.676209+0300INFONew refresh token created\n", "record": {"elapsed": {"repr": "0:06:01.111001", "seconds": 361.111001}, "exception": null, "extra": {}, "file": {"name": "token_controller.py", "path": "/home/user/projects/useful_storage/storage_app/authentication/controllers/token_controller.py"}, "function": "create_refresh_token", "level": {"icon": "ℹ️", "name": "INFO", "no": 20}, "line": 34, "message": "New refresh token created", "module": "token_controller", "name": "storage_app.authentication.controllers.token_controller", "process": {"id": 36779, "name": "SpawnProcess-23"}, "thread": {"id": 140264128849728, "name": "MainThread"}, "time": {"repr": "2023-02-23 00:17:35.676209+03:00", "timestamp": 1677100655.676209}}}
{"text": "2023-02-23T01:00:56.398575+0300INFONew access token created\n", "record": {"elapsed": {"repr": "0:02:33.495631", "seconds": 153.495631}, "exception": null, "extra": {}, "file": {"name": "token_controller.py", "path": "/home/user/projects/useful_storage/storage_app/authentication/controllers/token_controller.py"}, "function": "create_access_token", "level": {"icon": "ℹ️", "name": "INFO", "no": 20}, "line": 20, "message": "New access token created", "module": "token_controller", "name": "storage_app.authentication.controllers.token_controller", "process": {"id": 38404, "name": "SpawnProcess-26"}, "thread": {"id": 139890829162304, "name": "MainThread"}, "time": {"repr": "2023-02-23 01:00:56.398575+03:00", "timestamp": 1677103256.398575}}}
{"text": "2023-02-23T01:00:56.399239+0300INFONew refresh token created\n", "record": {"elapsed": {"repr": "0:02:33.496295", "seconds": 153.496295}, "exception": null, "extra": {}, "file": {"name": "token_controller.py", "path": "/home/user/projects/useful_storage/storage_app/authentication/controllers/token_controller.py"}, "function": "create_refresh_token", "level": {"icon": "ℹ️", "name": "INFO", "no": 20}, "line": 34, "message": "New refresh token created", "module": "token_controller", "name": "storage_app.authentication.controllers.token_controller", "process": {"id": 38404, "name": "SpawnProcess-26"}, "thread": {"id": 139890829162304, "name": "MainThread"}, "time": {"repr": "2023-02-23 01:00:56.399239+03:00", "timestamp": 1677103256.399239}}}
