{"text": "2023-02-21T11:38:35.910571+0300INFOUser user5@gmail.com registered\n", "record": {"elapsed": {"repr": "0:00:05.584749", "seconds": 5.584749}, "exception": null, "extra": {}, "file": {"name": "db_user_controller.py", "path": "/home/user/projects/useful_storage/storage_app/users/controllers/db_user_controller.py"}, "function": "create_user", "level": {"icon": "ℹ️", "name": "INFO", "no": 20}, "line": 15, "message": "User user5@gmail.com registered", "module": "db_user_controller", "name": "storage_app.users.controllers.db_user_controller", "process": {"id": 9597, "name": "SpawnProcess-19"}, "thread": {"id": 139761702848320, "name": "MainThread"}, "time": {"repr": "2023-02-21 11:38:35.910571+03:00", "timestamp": 1676968715.910571}}}
{"text": "2023-02-21T11:38:59.287767+0300ERRORUser not saved. Error: (sqlalchemy.dialects.postgresql.asyncpg.IntegrityError) <class 'asyncpg.exceptions.UniqueViolationError'>: duplicate key value violates unique constraint \"ix_users_username\"\nDETAIL:  Key (username)=(user5@gmail.com) already exists.\n", "record": {"elapsed": {"repr": "0:00:28.961945", "seconds": 28.961945}, "exception": null, "extra": {}, "file": {"name": "db_user_controller.py", "path": "/home/user/projects/useful_storage/storage_app/users/controllers/db_user_controller.py"}, "function": "create_user", "level": {"icon": "❌", "name": "ERROR", "no": 40}, "line": 18, "message": "User not saved. Error: (sqlalchemy.dialects.postgresql.asyncpg.IntegrityError) <class 'asyncpg.exceptions.UniqueViolationError'>: duplicate key value violates unique constraint \"ix_users_username\"\nDETAIL:  Key (username)=(user5@gmail.com) already exists.", "module": "db_user_controller", "name": "storage_app.users.controllers.db_user_controller", "process": {"id": 9597, "name": "SpawnProcess-19"}, "thread": {"id": 139761702848320, "name": "MainThread"}, "time": {"repr": "2023-02-21 11:38:59.287767+03:00", "timestamp": 1676968739.287767}}}
{"text": "2023-02-21T11:39:40.107978+0300ERRORUser not saved. Error: (sqlalchemy.dialects.postgresql.asyncpg.IntegrityError) <class 'asyncpg.exceptions.UniqueViolationError'>: duplicate key value violates unique constraint \"ix_users_username\"\nDETAIL:  Key (username)=(user5@gmail.com) already exists.\n", "record": {"elapsed": {"repr": "0:00:00.756228", "seconds": 0.756228}, "exception": null, "extra": {}, "file": {"name": "db_user_controller.py", "path": "/home/user/projects/useful_storage/storage_app/users/controllers/db_user_controller.py"}, "function": "create_user", "level": {"icon": "❌", "name": "ERROR", "no": 40}, "line": 18, "message": "User not saved. Error: (sqlalchemy.dialects.postgresql.asyncpg.IntegrityError) <class 'asyncpg.exceptions.UniqueViolationError'>: duplicate key value violates unique constraint \"ix_users_username\"\nDETAIL:  Key (username)=(user5@gmail.com) already exists.", "module": "db_user_controller", "name": "storage_app.users.controllers.db_user_controller", "process": {"id": 9636, "name": "SpawnProcess-20"}, "thread": {"id": 140221166933824, "name": "MainThread"}, "time": {"repr": "2023-02-21 11:39:40.107978+03:00", "timestamp": 1676968780.107978}}}
{"text": "2023-02-21T11:40:12.969073+0300ERRORUser not saved. Error: (sqlalchemy.dialects.postgresql.asyncpg.IntegrityError) <class 'asyncpg.exceptions.UniqueViolationError'>: duplicate key value violates unique constraint \"ix_users_username\"\nDETAIL:  Key (username)=(user5@gmail.com) already exists.\n", "record": {"elapsed": {"repr": "0:00:01.105137", "seconds": 1.105137}, "exception": null, "extra": {}, "file": {"name": "db_user_controller.py", "path": "/home/user/projects/useful_storage/storage_app/users/controllers/db_user_controller.py"}, "function": "create_user", "level": {"icon": "❌", "name": "ERROR", "no": 40}, "line": 18, "message": "User not saved. Error: (sqlalchemy.dialects.postgresql.asyncpg.IntegrityError) <class 'asyncpg.exceptions.UniqueViolationError'>: duplicate key value violates unique constraint \"ix_users_username\"\nDETAIL:  Key (username)=(user5@gmail.com) already exists.", "module": "db_user_controller", "name": "storage_app.users.controllers.db_user_controller", "process": {"id": 9663, "name": "SpawnProcess-21"}, "thread": {"id": 140149221816128, "name": "MainThread"}, "time": {"repr": "2023-02-21 11:40:12.969073+03:00", "timestamp": 1676968812.969073}}}
{"text": "2023-02-21T11:42:04.960550+0300ERRORUser not saved. Error: (sqlalchemy.dialects.postgresql.asyncpg.IntegrityError) <class 'asyncpg.exceptions.UniqueViolationError'>: duplicate key value violates unique constraint \"ix_users_username\"\nDETAIL:  Key (username)=(user5@gmail.com) already exists.\n", "record": {"elapsed": {"repr": "0:00:00.070138", "seconds": 0.070138}, "exception": null, "extra": {}, "file": {"name": "db_user_controller.py", "path": "/home/user/projects/useful_storage/storage_app/users/controllers/db_user_controller.py"}, "function": "create_user", "level": {"icon": "❌", "name": "ERROR", "no": 40}, "line": 18, "message": "User not saved. Error: (sqlalchemy.dialects.postgresql.asyncpg.IntegrityError) <class 'asyncpg.exceptions.UniqueViolationError'>: duplicate key value violates unique constraint \"ix_users_username\"\nDETAIL:  Key (username)=(user5@gmail.com) already exists.", "module": "db_user_controller", "name": "storage_app.users.controllers.db_user_controller", "process": {"id": 9707, "name": "SpawnProcess-22"}, "thread": {"id": 139630722406208, "name": "MainThread"}, "time": {"repr": "2023-02-21 11:42:04.960550+03:00", "timestamp": 1676968924.96055}}}
{"text": "2023-02-21T11:44:25.608681+0300ERRORUser not saved. Error: (sqlalchemy.dialects.postgresql.asyncpg.IntegrityError) <class 'asyncpg.exceptions.UniqueViolationError'>: duplicate key value violates unique constraint \"ix_users_username\"\nDETAIL:  Key (username)=(user5@gmail.com) already exists.\n", "record": {"elapsed": {"repr": "0:00:01.613707", "seconds": 1.613707}, "exception": null, "extra": {}, "file": {"name": "db_user_controller.py", "path": "/home/user/projects/useful_storage/storage_app/users/controllers/db_user_controller.py"}, "function": "create_user", "level": {"icon": "❌", "name": "ERROR", "no": 40}, "line": 20, "message": "User not saved. Error: (sqlalchemy.dialects.postgresql.asyncpg.IntegrityError) <class 'asyncpg.exceptions.UniqueViolationError'>: duplicate key value violates unique constraint \"ix_users_username\"\nDETAIL:  Key (username)=(user5@gmail.com) already exists.", "module": "db_user_controller", "name": "storage_app.users.controllers.db_user_controller", "process": {"id": 9783, "name": "SpawnProcess-23"}, "thread": {"id": 140646401505088, "name": "MainThread"}, "time": {"repr": "2023-02-21 11:44:25.608681+03:00", "timestamp": 1676969065.608681}}}
{"text": "2023-02-21T11:46:19.594613+0300ERRORUser not saved. Error: (sqlalchemy.dialects.postgresql.asyncpg.IntegrityError) <class 'asyncpg.exceptions.UniqueViolationError'>: duplicate key value violates unique constraint \"ix_users_username\"\nDETAIL:  Key (username)=(user5@gmail.com) already exists.\n", "record": {"elapsed": {"repr": "0:00:00.526865", "seconds": 0.526865}, "exception": null, "extra": {}, "file": {"name": "db_user_controller.py", "path": "/home/user/projects/useful_storage/storage_app/users/controllers/db_user_controller.py"}, "function": "create_user", "level": {"icon": "❌", "name": "ERROR", "no": 40}, "line": 20, "message": "User not saved. Error: (sqlalchemy.dialects.postgresql.asyncpg.IntegrityError) <class 'asyncpg.exceptions.UniqueViolationError'>: duplicate key value violates unique constraint \"ix_users_username\"\nDETAIL:  Key (username)=(user5@gmail.com) already exists.", "module": "db_user_controller", "name": "storage_app.users.controllers.db_user_controller", "process": {"id": 9857, "name": "SpawnProcess-24"}, "thread": {"id": 139727070721856, "name": "MainThread"}, "time": {"repr": "2023-02-21 11:46:19.594613+03:00", "timestamp": 1676969179.594613}}}
{"text": "2023-02-21T11:47:37.454476+0300ERRORUser not saved. Error: Class 'builtins.int' is not mapped\n", "record": {"elapsed": {"repr": "0:00:00.177769", "seconds": 0.177769}, "exception": null, "extra": {}, "file": {"name": "db_user_controller.py", "path": "/home/user/projects/useful_storage/storage_app/users/controllers/db_user_controller.py"}, "function": "create_user", "level": {"icon": "❌", "name": "ERROR", "no": 40}, "line": 20, "message": "User not saved. Error: Class 'builtins.int' is not mapped", "module": "db_user_controller", "name": "storage_app.users.controllers.db_user_controller", "process": {"id": 9897, "name": "SpawnProcess-26"}, "thread": {"id": 140527239751488, "name": "MainThread"}, "time": {"repr": "2023-02-21 11:47:37.454476+03:00", "timestamp": 1676969257.454476}}}
{"text": "2023-02-21T11:47:45.238120+0300ERRORUser not saved. Error: Class 'builtins.int' is not mapped\n", "record": {"elapsed": {"repr": "0:00:07.961413", "seconds": 7.961413}, "exception": null, "extra": {}, "file": {"name": "db_user_controller.py", "path": "/home/user/projects/useful_storage/storage_app/users/controllers/db_user_controller.py"}, "function": "create_user", "level": {"icon": "❌", "name": "ERROR", "no": 40}, "line": 20, "message": "User not saved. Error: Class 'builtins.int' is not mapped", "module": "db_user_controller", "name": "storage_app.users.controllers.db_user_controller", "process": {"id": 9897, "name": "SpawnProcess-26"}, "thread": {"id": 140527239751488, "name": "MainThread"}, "time": {"repr": "2023-02-21 11:47:45.238120+03:00", "timestamp": 1676969265.23812}}}
{"text": "2023-02-21T12:27:44.713906+0300ERRORUser not saved. Error: Class 'builtins.int' is not mapped\n", "record": {"elapsed": {"repr": "0:00:00.706333", "seconds": 0.706333}, "exception": null, "extra": {}, "file": {"name": "db_user_controller.py", "path": "/home/user/projects/useful_storage/storage_app/users/controllers/db_user_controller.py"}, "function": "create_user", "level": {"icon": "❌", "name": "ERROR", "no": 40}, "line": 21, "message": "User not saved. Error: Class 'builtins.int' is not mapped", "module": "db_user_controller", "name": "storage_app.users.controllers.db_user_controller", "process": {"id": 12013, "name": "SpawnProcess-37"}, "thread": {"id": 139938231203648, "name": "MainThread"}, "time": {"repr": "2023-02-21 12:27:44.713906+03:00", "timestamp": 1676971664.713906}}}
{"text": "2023-02-21T12:28:47.805130+0300ERRORUser not saved. Error: Class 'builtins.int' is not mapped\n", "record": {"elapsed": {"repr": "0:00:07.591242", "seconds": 7.591242}, "exception": null, "extra": {}, "file": {"name": "db_user_controller.py", "path": "/home/user/projects/useful_storage/storage_app/users/controllers/db_user_controller.py"}, "function": "create_user", "level": {"icon": "❌", "name": "ERROR", "no": 40}, "line": 21, "message": "User not saved. Error: Class 'builtins.int' is not mapped", "module": "db_user_controller", "name": "storage_app.users.controllers.db_user_controller", "process": {"id": 12046, "name": "SpawnProcess-1"}, "thread": {"id": 140034298926912, "name": "MainThread"}, "time": {"repr": "2023-02-21 12:28:47.805130+03:00", "timestamp": 1676971727.80513}}}
{"text": "2023-02-21T12:32:07.600190+0300ERRORUser not saved. Error: Class 'builtins.int' is not mapped\n", "record": {"elapsed": {"repr": "0:00:20.083665", "seconds": 20.083665}, "exception": null, "extra": {}, "file": {"name": "db_user_controller.py", "path": "/home/user/projects/useful_storage/storage_app/users/controllers/db_user_controller.py"}, "function": "create_user", "level": {"icon": "❌", "name": "ERROR", "no": 40}, "line": 21, "message": "User not saved. Error: Class 'builtins.int' is not mapped", "module": "db_user_controller", "name": "storage_app.users.controllers.db_user_controller", "process": {"id": 12179, "name": "SpawnProcess-1"}, "thread": {"id": 139957953787712, "name": "MainThread"}, "time": {"repr": "2023-02-21 12:32:07.600190+03:00", "timestamp": 1676971927.60019}}}
{"text": "2023-02-21T12:33:29.044542+0300ERRORUser not saved. Error: Class 'builtins.int' is not mapped\n", "record": {"elapsed": {"repr": "0:00:08.736374", "seconds": 8.736374}, "exception": null, "extra": {}, "file": {"name": "db_user_controller.py", "path": "/home/user/projects/useful_storage/storage_app/users/controllers/db_user_controller.py"}, "function": "create_user", "level": {"icon": "❌", "name": "ERROR", "no": 40}, "line": 21, "message": "User not saved. Error: Class 'builtins.int' is not mapped", "module": "db_user_controller", "name": "storage_app.users.controllers.db_user_controller", "process": {"id": 12253, "name": "SpawnProcess-1"}, "thread": {"id": 140592972347200, "name": "MainThread"}, "time": {"repr": "2023-02-21 12:33:29.044542+03:00", "timestamp": 1676972009.044542}}}
{"text": "2023-02-21T12:34:47.070586+0300ERRORUser not saved. Error: Class 'builtins.int' is not mapped\n", "record": {"elapsed": {"repr": "0:00:16.387541", "seconds": 16.387541}, "exception": null, "extra": {}, "file": {"name": "db_user_controller.py", "path": "/home/user/projects/useful_storage/storage_app/users/controllers/db_user_controller.py"}, "function": "create_user", "level": {"icon": "❌", "name": "ERROR", "no": 40}, "line": 21, "message": "User not saved. Error: Class 'builtins.int' is not mapped", "module": "db_user_controller", "name": "storage_app.users.controllers.db_user_controller", "process": {"id": 12298, "name": "SpawnProcess-1"}, "thread": {"id": 140130488604480, "name": "MainThread"}, "time": {"repr": "2023-02-21 12:34:47.070586+03:00", "timestamp": 1676972087.070586}}}
{"text": "2023-02-21T12:35:38.706593+0300ERRORUser not saved. Error: (sqlalchemy.dialects.postgresql.asyncpg.IntegrityError) <class 'asyncpg.exceptions.UniqueViolationError'>: duplicate key value violates unique constraint \"ix_users_username\"\nDETAIL:  Key (username)=(user@gmail.com) already exists.\n", "record": {"elapsed": {"repr": "0:00:00.169654", "seconds": 0.169654}, "exception": null, "extra": {}, "file": {"name": "db_user_controller.py", "path": "/home/user/projects/useful_storage/storage_app/users/controllers/db_user_controller.py"}, "function": "create_user", "level": {"icon": "❌", "name": "ERROR", "no": 40}, "line": 21, "message": "User not saved. Error: (sqlalchemy.dialects.postgresql.asyncpg.IntegrityError) <class 'asyncpg.exceptions.UniqueViolationError'>: duplicate key value violates unique constraint \"ix_users_username\"\nDETAIL:  Key (username)=(user@gmail.com) already exists.", "module": "db_user_controller", "name": "storage_app.users.controllers.db_user_controller", "process": {"id": 12363, "name": "SpawnProcess-2"}, "thread": {"id": 140232165451584, "name": "MainThread"}, "time": {"repr": "2023-02-21 12:35:38.706593+03:00", "timestamp": 1676972138.706593}}}
{"text": "2023-02-21T12:36:13.348487+0300ERRORUser not saved. Error: (sqlalchemy.dialects.postgresql.asyncpg.IntegrityError) <class 'asyncpg.exceptions.UniqueViolationError'>: duplicate key value violates unique constraint \"ix_users_username\"\nDETAIL:  Key (username)=(user1@gmail.com) already exists.\n", "record": {"elapsed": {"repr": "0:00:09.372288", "seconds": 9.372288}, "exception": null, "extra": {}, "file": {"name": "db_user_controller.py", "path": "/home/user/projects/useful_storage/storage_app/users/controllers/db_user_controller.py"}, "function": "create_user", "level": {"icon": "❌", "name": "ERROR", "no": 40}, "line": 21, "message": "User not saved. Error: (sqlalchemy.dialects.postgresql.asyncpg.IntegrityError) <class 'asyncpg.exceptions.UniqueViolationError'>: duplicate key value violates unique constraint \"ix_users_username\"\nDETAIL:  Key (username)=(user1@gmail.com) already exists.", "module": "db_user_controller", "name": "storage_app.users.controllers.db_user_controller", "process": {"id": 12394, "name": "SpawnProcess-1"}, "thread": {"id": 140473790109504, "name": "MainThread"}, "time": {"repr": "2023-02-21 12:36:13.348487+03:00", "timestamp": 1676972173.348487}}}
{"text": "2023-02-21T12:38:15.092556+0300INFOUser user10@gmail.com registered\n", "record": {"elapsed": {"repr": "0:00:05.628877", "seconds": 5.628877}, "exception": null, "extra": {}, "file": {"name": "db_user_controller.py", "path": "/home/user/projects/useful_storage/storage_app/users/controllers/db_user_controller.py"}, "function": "create_user", "level": {"icon": "ℹ️", "name": "INFO", "no": 20}, "line": 18, "message": "User user10@gmail.com registered", "module": "db_user_controller", "name": "storage_app.users.controllers.db_user_controller", "process": {"id": 12466, "name": "SpawnProcess-2"}, "thread": {"id": 140692142327616, "name": "MainThread"}, "time": {"repr": "2023-02-21 12:38:15.092556+03:00", "timestamp": 1676972295.092556}}}
{"text": "2023-02-21T12:38:45.572838+0300ERRORUser not saved. Error: (sqlalchemy.dialects.postgresql.asyncpg.IntegrityError) <class 'asyncpg.exceptions.UniqueViolationError'>: duplicate key value violates unique constraint \"ix_users_username\"\nDETAIL:  Key (username)=(user10@gmail.com) already exists.\n", "record": {"elapsed": {"repr": "0:00:36.109159", "seconds": 36.109159}, "exception": null, "extra": {}, "file": {"name": "db_user_controller.py", "path": "/home/user/projects/useful_storage/storage_app/users/controllers/db_user_controller.py"}, "function": "create_user", "level": {"icon": "❌", "name": "ERROR", "no": 40}, "line": 21, "message": "User not saved. Error: (sqlalchemy.dialects.postgresql.asyncpg.IntegrityError) <class 'asyncpg.exceptions.UniqueViolationError'>: duplicate key value violates unique constraint \"ix_users_username\"\nDETAIL:  Key (username)=(user10@gmail.com) already exists.", "module": "db_user_controller", "name": "storage_app.users.controllers.db_user_controller", "process": {"id": 12466, "name": "SpawnProcess-2"}, "thread": {"id": 140692142327616, "name": "MainThread"}, "time": {"repr": "2023-02-21 12:38:45.572838+03:00", "timestamp": 1676972325.572838}}}
{"text": "2023-02-21T14:07:00.891434+0300INFOUser user11@gmail.com registered\n", "record": {"elapsed": {"repr": "0:00:06.950580", "seconds": 6.95058}, "exception": null, "extra": {}, "file": {"name": "db_user_controller.py", "path": "/home/user/projects/useful_storage/storage_app/users/controllers/db_user_controller.py"}, "function": "create_user", "level": {"icon": "ℹ️", "name": "INFO", "no": 20}, "line": 18, "message": "User user11@gmail.com registered", "module": "db_user_controller", "name": "storage_app.users.controllers.db_user_controller", "process": {"id": 16913, "name": "SpawnProcess-10"}, "thread": {"id": 140115111184192, "name": "MainThread"}, "time": {"repr": "2023-02-21 14:07:00.891434+03:00", "timestamp": 1676977620.891434}}}
{"text": "2023-02-21T14:07:41.741426+0300ERRORUser not saved. Error: Class 'builtins.int' is not mapped\n", "record": {"elapsed": {"repr": "0:00:03.924491", "seconds": 3.924491}, "exception": null, "extra": {}, "file": {"name": "db_user_controller.py", "path": "/home/user/projects/useful_storage/storage_app/users/controllers/db_user_controller.py"}, "function": "create_user", "level": {"icon": "❌", "name": "ERROR", "no": 40}, "line": 20, "message": "User not saved. Error: Class 'builtins.int' is not mapped", "module": "db_user_controller", "name": "storage_app.users.controllers.db_user_controller", "process": {"id": 16944, "name": "SpawnProcess-11"}, "thread": {"id": 140388546426688, "name": "MainThread"}, "time": {"repr": "2023-02-21 14:07:41.741426+03:00", "timestamp": 1676977661.741426}}}
{"text": "2023-02-21T14:09:17.003335+0300INFOUser user12@gmail.com registered\n", "record": {"elapsed": {"repr": "0:00:03.506717", "seconds": 3.506717}, "exception": null, "extra": {}, "file": {"name": "db_user_controller.py", "path": "/home/user/projects/useful_storage/storage_app/users/controllers/db_user_controller.py"}, "function": "create_user", "level": {"icon": "ℹ️", "name": "INFO", "no": 20}, "line": 17, "message": "User user12@gmail.com registered", "module": "db_user_controller", "name": "storage_app.users.controllers.db_user_controller", "process": {"id": 17000, "name": "SpawnProcess-12"}, "thread": {"id": 140027855824704, "name": "MainThread"}, "time": {"repr": "2023-02-21 14:09:17.003335+03:00", "timestamp": 1676977757.003335}}}
{"text": "2023-02-21T14:09:21.043815+0300ERRORUser with username user12@gmail.com already exists\n", "record": {"elapsed": {"repr": "0:00:07.547197", "seconds": 7.547197}, "exception": null, "extra": {}, "file": {"name": "api_user_controller.py", "path": "/home/user/projects/useful_storage/storage_app/users/controllers/api_user_controller.py"}, "function": "create_user", "level": {"icon": "❌", "name": "ERROR", "no": 40}, "line": 9, "message": "User with username user12@gmail.com already exists", "module": "api_user_controller", "name": "storage_app.users.controllers.api_user_controller", "process": {"id": 17000, "name": "SpawnProcess-12"}, "thread": {"id": 140027855824704, "name": "MainThread"}, "time": {"repr": "2023-02-21 14:09:21.043815+03:00", "timestamp": 1676977761.043815}}}
{"text": "2023-02-21T14:12:32.530332+0300INFOUser user13@gmail.com registered\n", "record": {"elapsed": {"repr": "0:00:05.293997", "seconds": 5.293997}, "exception": null, "extra": {}, "file": {"name": "db_user_controller.py", "path": "/home/user/projects/useful_storage/storage_app/users/controllers/db_user_controller.py"}, "function": "create_user", "level": {"icon": "ℹ️", "name": "INFO", "no": 20}, "line": 19, "message": "User user13@gmail.com registered", "module": "db_user_controller", "name": "storage_app.users.controllers.db_user_controller", "process": {"id": 17105, "name": "SpawnProcess-13"}, "thread": {"id": 139740615169856, "name": "MainThread"}, "time": {"repr": "2023-02-21 14:12:32.530332+03:00", "timestamp": 1676977952.530332}}}
{"text": "2023-02-21T14:13:53.280891+0300ERRORUser with username user13@gmail.com already exists\n", "record": {"elapsed": {"repr": "0:00:00.701781", "seconds": 0.701781}, "exception": null, "extra": {}, "file": {"name": "api_user_controller.py", "path": "/home/user/projects/useful_storage/storage_app/users/controllers/api_user_controller.py"}, "function": "create_user", "level": {"icon": "❌", "name": "ERROR", "no": 40}, "line": 9, "message": "User with username user13@gmail.com already exists", "module": "api_user_controller", "name": "storage_app.users.controllers.api_user_controller", "process": {"id": 17233, "name": "SpawnProcess-14"}, "thread": {"id": 140677930166080, "name": "MainThread"}, "time": {"repr": "2023-02-21 14:13:53.280891+03:00", "timestamp": 1676978033.280891}}}
{"text": "2023-02-21T14:14:02.000538+0300INFOUser user14@gmail.com registered\n", "record": {"elapsed": {"repr": "0:00:09.421428", "seconds": 9.421428}, "exception": null, "extra": {}, "file": {"name": "db_user_controller.py", "path": "/home/user/projects/useful_storage/storage_app/users/controllers/db_user_controller.py"}, "function": "create_user", "level": {"icon": "ℹ️", "name": "INFO", "no": 20}, "line": 19, "message": "User user14@gmail.com registered", "module": "db_user_controller", "name": "storage_app.users.controllers.db_user_controller", "process": {"id": 17233, "name": "SpawnProcess-14"}, "thread": {"id": 140677930166080, "name": "MainThread"}, "time": {"repr": "2023-02-21 14:14:02.000538+03:00", "timestamp": 1676978042.000538}}}
{"text": "2023-02-21T14:14:51.144889+0300ERRORUser with username user14@gmail.com already exists\n", "record": {"elapsed": {"repr": "0:00:01.303689", "seconds": 1.303689}, "exception": null, "extra": {}, "file": {"name": "api_user_controller.py", "path": "/home/user/projects/useful_storage/storage_app/users/controllers/api_user_controller.py"}, "function": "create_user", "level": {"icon": "❌", "name": "ERROR", "no": 40}, "line": 9, "message": "User with username user14@gmail.com already exists", "module": "api_user_controller", "name": "storage_app.users.controllers.api_user_controller", "process": {"id": 17270, "name": "SpawnProcess-15"}, "thread": {"id": 140509569292096, "name": "MainThread"}, "time": {"repr": "2023-02-21 14:14:51.144889+03:00", "timestamp": 1676978091.144889}}}
{"text": "2023-02-21T14:14:57.057710+0300INFOUser user15@gmail.com registered\n", "record": {"elapsed": {"repr": "0:00:07.216510", "seconds": 7.21651}, "exception": null, "extra": {}, "file": {"name": "db_user_controller.py", "path": "/home/user/projects/useful_storage/storage_app/users/controllers/db_user_controller.py"}, "function": "create_user", "level": {"icon": "ℹ️", "name": "INFO", "no": 20}, "line": 19, "message": "User user15@gmail.com registered", "module": "db_user_controller", "name": "storage_app.users.controllers.db_user_controller", "process": {"id": 17270, "name": "SpawnProcess-15"}, "thread": {"id": 140509569292096, "name": "MainThread"}, "time": {"repr": "2023-02-21 14:14:57.057710+03:00", "timestamp": 1676978097.05771}}}
{"text": "2023-02-21T14:16:48.342583+0300ERRORUser with username user15@gmail.com already exists\n", "record": {"elapsed": {"repr": "0:00:08.016540", "seconds": 8.01654}, "exception": null, "extra": {}, "file": {"name": "api_user_controller.py", "path": "/home/user/projects/useful_storage/storage_app/users/controllers/api_user_controller.py"}, "function": "create_user", "level": {"icon": "❌", "name": "ERROR", "no": 40}, "line": 13, "message": "User with username user15@gmail.com already exists", "module": "api_user_controller", "name": "storage_app.users.controllers.api_user_controller", "process": {"id": 17332, "name": "SpawnProcess-16"}, "thread": {"id": 140109262378816, "name": "MainThread"}, "time": {"repr": "2023-02-21 14:16:48.342583+03:00", "timestamp": 1676978208.342583}}}
{"text": "2023-02-21T14:16:53.649108+0300INFOUser user16@gmail.com registered\n", "record": {"elapsed": {"repr": "0:00:13.323065", "seconds": 13.323065}, "exception": null, "extra": {}, "file": {"name": "db_user_controller.py", "path": "/home/user/projects/useful_storage/storage_app/users/controllers/db_user_controller.py"}, "function": "create_user", "level": {"icon": "ℹ️", "name": "INFO", "no": 20}, "line": 19, "message": "User user16@gmail.com registered", "module": "db_user_controller", "name": "storage_app.users.controllers.db_user_controller", "process": {"id": 17332, "name": "SpawnProcess-16"}, "thread": {"id": 140109262378816, "name": "MainThread"}, "time": {"repr": "2023-02-21 14:16:53.649108+03:00", "timestamp": 1676978213.649108}}}
{"text": "2023-02-21T14:17:33.581622+0300ERRORUser with username user16@gmail.com already exists\n", "record": {"elapsed": {"repr": "0:00:00.281159", "seconds": 0.281159}, "exception": null, "extra": {}, "file": {"name": "api_user_controller.py", "path": "/home/user/projects/useful_storage/storage_app/users/controllers/api_user_controller.py"}, "function": "create_user", "level": {"icon": "❌", "name": "ERROR", "no": 40}, "line": 13, "message": "User with username user16@gmail.com already exists", "module": "api_user_controller", "name": "storage_app.users.controllers.api_user_controller", "process": {"id": 17372, "name": "SpawnProcess-17"}, "thread": {"id": 140362742556480, "name": "MainThread"}, "time": {"repr": "2023-02-21 14:17:33.581622+03:00", "timestamp": 1676978253.581622}}}
{"text": "2023-02-21T14:17:39.956180+0300INFOUser user17@gmail.com registered\n", "record": {"elapsed": {"repr": "0:00:06.655717", "seconds": 6.655717}, "exception": null, "extra": {}, "file": {"name": "db_user_controller.py", "path": "/home/user/projects/useful_storage/storage_app/users/controllers/db_user_controller.py"}, "function": "create_user", "level": {"icon": "ℹ️", "name": "INFO", "no": 20}, "line": 21, "message": "User user17@gmail.com registered", "module": "db_user_controller", "name": "storage_app.users.controllers.db_user_controller", "process": {"id": 17372, "name": "SpawnProcess-17"}, "thread": {"id": 140362742556480, "name": "MainThread"}, "time": {"repr": "2023-02-21 14:17:39.956180+03:00", "timestamp": 1676978259.95618}}}
{"text": "2023-02-21T14:18:09.175252+0300ERRORUser with username user17@gmail.com already exists\n", "record": {"elapsed": {"repr": "0:00:00.298009", "seconds": 0.298009}, "exception": null, "extra": {}, "file": {"name": "api_user_controller.py", "path": "/home/user/projects/useful_storage/storage_app/users/controllers/api_user_controller.py"}, "function": "create_user", "level": {"icon": "❌", "name": "ERROR", "no": 40}, "line": 13, "message": "User with username user17@gmail.com already exists", "module": "api_user_controller", "name": "storage_app.users.controllers.api_user_controller", "process": {"id": 17394, "name": "SpawnProcess-18"}, "thread": {"id": 140311262082880, "name": "MainThread"}, "time": {"repr": "2023-02-21 14:18:09.175252+03:00", "timestamp": 1676978289.175252}}}
{"text": "2023-02-21T14:18:15.023904+0300ERRORUser not saved. Error: Instance '<User at 0x7f9cbdb099a0>' is not persistent within this Session\n", "record": {"elapsed": {"repr": "0:00:06.146661", "seconds": 6.146661}, "exception": null, "extra": {}, "file": {"name": "db_user_controller.py", "path": "/home/user/projects/useful_storage/storage_app/users/controllers/db_user_controller.py"}, "function": "create_user", "level": {"icon": "❌", "name": "ERROR", "no": 40}, "line": 24, "message": "User not saved. Error: Instance '<User at 0x7f9cbdb099a0>' is not persistent within this Session", "module": "db_user_controller", "name": "storage_app.users.controllers.db_user_controller", "process": {"id": 17394, "name": "SpawnProcess-18"}, "thread": {"id": 140311262082880, "name": "MainThread"}, "time": {"repr": "2023-02-21 14:18:15.023904+03:00", "timestamp": 1676978295.023904}}}
{"text": "2023-02-21T14:24:02.036054+0300ERRORUser not saved. Error: Instance '<User at 0x7fede65e1e80>' is not persistent within this Session\n", "record": {"elapsed": {"repr": "0:00:04.871513", "seconds": 4.871513}, "exception": null, "extra": {}, "file": {"name": "db_user_controller.py", "path": "/home/user/projects/useful_storage/storage_app/users/controllers/db_user_controller.py"}, "function": "create_user", "level": {"icon": "❌", "name": "ERROR", "no": 40}, "line": 24, "message": "User not saved. Error: Instance '<User at 0x7fede65e1e80>' is not persistent within this Session", "module": "db_user_controller", "name": "storage_app.users.controllers.db_user_controller", "process": {"id": 17684, "name": "SpawnProcess-20"}, "thread": {"id": 140659870984000, "name": "MainThread"}, "time": {"repr": "2023-02-21 14:24:02.036054+03:00", "timestamp": 1676978642.036054}}}
{"text": "2023-02-21T14:24:02.036786+0300ERRORUser with username user18@gmail.com not saved. Error from DB\n", "record": {"elapsed": {"repr": "0:00:04.872245", "seconds": 4.872245}, "exception": null, "extra": {}, "file": {"name": "api_user_controller.py", "path": "/home/user/projects/useful_storage/storage_app/users/controllers/api_user_controller.py"}, "function": "create_user", "level": {"icon": "❌", "name": "ERROR", "no": 40}, "line": 18, "message": "User with username user18@gmail.com not saved. Error from DB", "module": "api_user_controller", "name": "storage_app.users.controllers.api_user_controller", "process": {"id": 17684, "name": "SpawnProcess-20"}, "thread": {"id": 140659870984000, "name": "MainThread"}, "time": {"repr": "2023-02-21 14:24:02.036786+03:00", "timestamp": 1676978642.036786}}}
{"text": "2023-02-21T18:30:52.775482+0300INFOUser user@example.com registered\n", "record": {"elapsed": {"repr": "0:00:40.238988", "seconds": 40.238988}, "exception": null, "extra": {}, "file": {"name": "db_user_controller.py", "path": "/home/user/projects/useful_storage/storage_app/users/controllers/db_user_controller.py"}, "function": "create_user", "level": {"icon": "ℹ️", "name": "INFO", "no": 20}, "line": 22, "message": "User user@example.com registered", "module": "db_user_controller", "name": "storage_app.users.controllers.db_user_controller", "process": {"id": 19223, "name": "SpawnProcess-27"}, "thread": {"id": 140633537197888, "name": "MainThread"}, "time": {"repr": "2023-02-21 18:30:52.775482+03:00", "timestamp": 1676993452.775482}}}
{"text": "2023-02-21T18:53:34.685840+0300ERRORUser with username user18@example.com already exists\n", "record": {"elapsed": {"repr": "0:00:04.092717", "seconds": 4.092717}, "exception": null, "extra": {}, "file": {"name": "api_user_controller.py", "path": "/home/user/projects/useful_storage/storage_app/users/controllers/api_user_controller.py"}, "function": "create_user", "level": {"icon": "❌", "name": "ERROR", "no": 40}, "line": 13, "message": "User with username user18@example.com already exists", "module": "api_user_controller", "name": "storage_app.users.controllers.api_user_controller", "process": {"id": 20085, "name": "SpawnProcess-1"}, "thread": {"id": 139828810434368, "name": "MainThread"}, "time": {"repr": "2023-02-21 18:53:34.685840+03:00", "timestamp": 1676994814.68584}}}
{"text": "2023-02-21T18:54:30.544084+0300ERRORUser with username user19@example.com already exists\n", "record": {"elapsed": {"repr": "0:00:14.418305", "seconds": 14.418305}, "exception": null, "extra": {}, "file": {"name": "api_user_controller.py", "path": "/home/user/projects/useful_storage/storage_app/users/controllers/api_user_controller.py"}, "function": "create_user", "level": {"icon": "❌", "name": "ERROR", "no": 40}, "line": 13, "message": "User with username user19@example.com already exists", "module": "api_user_controller", "name": "storage_app.users.controllers.api_user_controller", "process": {"id": 20113, "name": "SpawnProcess-2"}, "thread": {"id": 140600121341760, "name": "MainThread"}, "time": {"repr": "2023-02-21 18:54:30.544084+03:00", "timestamp": 1676994870.544084}}}
{"text": "2023-02-21T18:56:14.597770+0300ERRORUser with username user20@example.com already exists\n", "record": {"elapsed": {"repr": "0:00:00.492221", "seconds": 0.492221}, "exception": null, "extra": {}, "file": {"name": "api_user_controller.py", "path": "/home/user/projects/useful_storage/storage_app/users/controllers/api_user_controller.py"}, "function": "create_user", "level": {"icon": "❌", "name": "ERROR", "no": 40}, "line": 13, "message": "User with username user20@example.com already exists", "module": "api_user_controller", "name": "storage_app.users.controllers.api_user_controller", "process": {"id": 20187, "name": "SpawnProcess-3"}, "thread": {"id": 139811908380480, "name": "MainThread"}, "time": {"repr": "2023-02-21 18:56:14.597770+03:00", "timestamp": 1676994974.59777}}}
{"text": "2023-02-21T18:56:22.598942+0300ERRORUser not saved. Error: No row was found when one was required\n", "record": {"elapsed": {"repr": "0:00:08.493393", "seconds": 8.493393}, "exception": null, "extra": {}, "file": {"name": "db_user_controller.py", "path": "/home/user/projects/useful_storage/storage_app/users/controllers/db_user_controller.py"}, "function": "create_user", "level": {"icon": "❌", "name": "ERROR", "no": 40}, "line": 28, "message": "User not saved. Error: No row was found when one was required", "module": "db_user_controller", "name": "storage_app.users.controllers.db_user_controller", "process": {"id": 20187, "name": "SpawnProcess-3"}, "thread": {"id": 139811908380480, "name": "MainThread"}, "time": {"repr": "2023-02-21 18:56:22.598942+03:00", "timestamp": 1676994982.598942}}}
{"text": "2023-02-21T19:10:27.185072+0300ERRORUser with username user882@example.com already exists\n", "record": {"elapsed": {"repr": "0:05:15.185090", "seconds": 315.18509}, "exception": null, "extra": {}, "file": {"name": "api_user_controller.py", "path": "/home/user/projects/useful_storage/storage_app/users/controllers/api_user_controller.py"}, "function": "create_user", "level": {"icon": "❌", "name": "ERROR", "no": 40}, "line": 13, "message": "User with username user882@example.com already exists", "module": "api_user_controller", "name": "storage_app.users.controllers.api_user_controller", "process": {"id": 20893, "name": "SpawnProcess-7"}, "thread": {"id": 140071478593344, "name": "MainThread"}, "time": {"repr": "2023-02-21 19:10:27.185072+03:00", "timestamp": 1676995827.185072}}}
{"text": "2023-02-21T19:10:41.434941+0300INFOUser user82@example.com registered\n", "record": {"elapsed": {"repr": "0:05:29.434959", "seconds": 329.434959}, "exception": null, "extra": {}, "file": {"name": "db_user_controller.py", "path": "/home/user/projects/useful_storage/storage_app/users/controllers/db_user_controller.py"}, "function": "create_user", "level": {"icon": "ℹ️", "name": "INFO", "no": 20}, "line": 22, "message": "User user82@example.com registered", "module": "db_user_controller", "name": "storage_app.users.controllers.db_user_controller", "process": {"id": 20893, "name": "SpawnProcess-7"}, "thread": {"id": 140071478593344, "name": "MainThread"}, "time": {"repr": "2023-02-21 19:10:41.434941+03:00", "timestamp": 1676995841.434941}}}
{"text": "2023-02-21T20:07:42.374242+0300ERRORAttempt to get nonexistent user with id 100\n", "record": {"elapsed": {"repr": "0:00:21.546091", "seconds": 21.546091}, "exception": null, "extra": {}, "file": {"name": "api_user_controller.py", "path": "/home/user/projects/useful_storage/storage_app/users/controllers/api_user_controller.py"}, "function": "delete_user", "level": {"icon": "❌", "name": "ERROR", "no": 40}, "line": 36, "message": "Attempt to get nonexistent user with id 100", "module": "api_user_controller", "name": "storage_app.users.controllers.api_user_controller", "process": {"id": 24062, "name": "SpawnProcess-13"}, "thread": {"id": 140137631860544, "name": "MainThread"}, "time": {"repr": "2023-02-21 20:07:42.374242+03:00", "timestamp": 1676999262.374242}}}
{"text": "2023-02-21T20:08:15.934880+0300ERRORAttempt to get nonexistent user with id 100\n", "record": {"elapsed": {"repr": "0:00:02.903224", "seconds": 2.903224}, "exception": null, "extra": {}, "file": {"name": "api_user_controller.py", "path": "/home/user/projects/useful_storage/storage_app/users/controllers/api_user_controller.py"}, "function": "delete_user", "level": {"icon": "❌", "name": "ERROR", "no": 40}, "line": 36, "message": "Attempt to get nonexistent user with id 100", "module": "api_user_controller", "name": "storage_app.users.controllers.api_user_controller", "process": {"id": 24131, "name": "SpawnProcess-14"}, "thread": {"id": 140190970824512, "name": "MainThread"}, "time": {"repr": "2023-02-21 20:08:15.934880+03:00", "timestamp": 1676999295.93488}}}
{"text": "2023-02-21T20:08:21.405850+0300ERRORAttempt to get nonexistent user with id 10\n", "record": {"elapsed": {"repr": "0:00:08.374194", "seconds": 8.374194}, "exception": null, "extra": {}, "file": {"name": "api_user_controller.py", "path": "/home/user/projects/useful_storage/storage_app/users/controllers/api_user_controller.py"}, "function": "delete_user", "level": {"icon": "❌", "name": "ERROR", "no": 40}, "line": 36, "message": "Attempt to get nonexistent user with id 10", "module": "api_user_controller", "name": "storage_app.users.controllers.api_user_controller", "process": {"id": 24131, "name": "SpawnProcess-14"}, "thread": {"id": 140190970824512, "name": "MainThread"}, "time": {"repr": "2023-02-21 20:08:21.405850+03:00", "timestamp": 1676999301.40585}}}
{"text": "2023-02-21T20:08:26.623633+0300ERRORAttempt to get nonexistent user with id 18\n", "record": {"elapsed": {"repr": "0:00:13.591977", "seconds": 13.591977}, "exception": null, "extra": {}, "file": {"name": "api_user_controller.py", "path": "/home/user/projects/useful_storage/storage_app/users/controllers/api_user_controller.py"}, "function": "delete_user", "level": {"icon": "❌", "name": "ERROR", "no": 40}, "line": 36, "message": "Attempt to get nonexistent user with id 18", "module": "api_user_controller", "name": "storage_app.users.controllers.api_user_controller", "process": {"id": 24131, "name": "SpawnProcess-14"}, "thread": {"id": 140190970824512, "name": "MainThread"}, "time": {"repr": "2023-02-21 20:08:26.623633+03:00", "timestamp": 1676999306.623633}}}
{"text": "2023-02-21T20:09:00.784741+0300INFOUser with 20 deleted\n", "record": {"elapsed": {"repr": "0:00:47.753085", "seconds": 47.753085}, "exception": null, "extra": {}, "file": {"name": "db_user_controller.py", "path": "/home/user/projects/useful_storage/storage_app/users/controllers/db_user_controller.py"}, "function": "delete_user", "level": {"icon": "ℹ️", "name": "INFO", "no": 20}, "line": 53, "message": "User with 20 deleted", "module": "db_user_controller", "name": "storage_app.users.controllers.db_user_controller", "process": {"id": 24131, "name": "SpawnProcess-14"}, "thread": {"id": 140190970824512, "name": "MainThread"}, "time": {"repr": "2023-02-21 20:09:00.784741+03:00", "timestamp": 1676999340.784741}}}
{"text": "2023-02-21T20:10:06.099685+0300INFOUser with 22 deleted\n", "record": {"elapsed": {"repr": "0:00:03.575149", "seconds": 3.575149}, "exception": null, "extra": {}, "file": {"name": "db_user_controller.py", "path": "/home/user/projects/useful_storage/storage_app/users/controllers/db_user_controller.py"}, "function": "delete_user", "level": {"icon": "ℹ️", "name": "INFO", "no": 20}, "line": 53, "message": "User with 22 deleted", "module": "db_user_controller", "name": "storage_app.users.controllers.db_user_controller", "process": {"id": 24254, "name": "SpawnProcess-15"}, "thread": {"id": 140655490189120, "name": "MainThread"}, "time": {"repr": "2023-02-21 20:10:06.099685+03:00", "timestamp": 1676999406.099685}}}
{"text": "2023-02-21T20:26:04.854910+0300ERRORUser not saved. Error: (sqlalchemy.dialects.postgresql.asyncpg.IntegrityError) <class 'asyncpg.exceptions.UniqueViolationError'>: duplicate key value violates unique constraint \"ix_users_username\"\nDETAIL:  Key (username)=(user@gmail.com) already exists.\n", "record": {"elapsed": {"repr": "0:00:43.199723", "seconds": 43.199723}, "exception": null, "extra": {}, "file": {"name": "db_user_controller.py", "path": "/home/user/projects/useful_storage/storage_app/users/controllers/db_user_controller.py"}, "function": "update_user", "level": {"icon": "❌", "name": "ERROR", "no": 40}, "line": 68, "message": "User not saved. Error: (sqlalchemy.dialects.postgresql.asyncpg.IntegrityError) <class 'asyncpg.exceptions.UniqueViolationError'>: duplicate key value violates unique constraint \"ix_users_username\"\nDETAIL:  Key (username)=(user@gmail.com) already exists.", "module": "db_user_controller", "name": "storage_app.users.controllers.db_user_controller", "process": {"id": 25108, "name": "SpawnProcess-17"}, "thread": {"id": 139858673256256, "name": "MainThread"}, "time": {"repr": "2023-02-21 20:26:04.854910+03:00", "timestamp": 1677000364.85491}}}
{"text": "2023-02-21T21:03:30.700970+0300ERRORUser with username user1@gmail.com already exists\n", "record": {"elapsed": {"repr": "0:00:37.542917", "seconds": 37.542917}, "exception": null, "extra": {}, "file": {"name": "api_user_controller.py", "path": "/home/user/projects/useful_storage/storage_app/users/controllers/api_user_controller.py"}, "function": "update_user", "level": {"icon": "❌", "name": "ERROR", "no": 40}, "line": 50, "message": "User with username user1@gmail.com already exists", "module": "api_user_controller", "name": "storage_app.users.controllers.api_user_controller", "process": {"id": 27229, "name": "SpawnProcess-27"}, "thread": {"id": 139640763733824, "name": "MainThread"}, "time": {"repr": "2023-02-21 21:03:30.700970+03:00", "timestamp": 1677002610.70097}}}
{"text": "2023-02-21T21:15:32.682212+0300ERRORUser not saved. Error: Class 'sqlalchemy.sql.dml.Update' is not mapped\n", "record": {"elapsed": {"repr": "0:00:06.667407", "seconds": 6.667407}, "exception": null, "extra": {}, "file": {"name": "db_user_controller.py", "path": "/home/user/projects/useful_storage/storage_app/users/controllers/db_user_controller.py"}, "function": "update_user", "level": {"icon": "❌", "name": "ERROR", "no": 40}, "line": 73, "message": "User not saved. Error: Class 'sqlalchemy.sql.dml.Update' is not mapped", "module": "db_user_controller", "name": "storage_app.users.controllers.db_user_controller", "process": {"id": 27899, "name": "SpawnProcess-31"}, "thread": {"id": 139711775831872, "name": "MainThread"}, "time": {"repr": "2023-02-21 21:15:32.682212+03:00", "timestamp": 1677003332.682212}}}
{"text": "2023-02-21T21:15:48.664224+0300ERRORUser with username user11111@gmail.com already exists\n", "record": {"elapsed": {"repr": "0:00:00.242467", "seconds": 0.242467}, "exception": null, "extra": {}, "file": {"name": "api_user_controller.py", "path": "/home/user/projects/useful_storage/storage_app/users/controllers/api_user_controller.py"}, "function": "update_user", "level": {"icon": "❌", "name": "ERROR", "no": 40}, "line": 50, "message": "User with username user11111@gmail.com already exists", "module": "api_user_controller", "name": "storage_app.users.controllers.api_user_controller", "process": {"id": 27946, "name": "SpawnProcess-32"}, "thread": {"id": 140504651863872, "name": "MainThread"}, "time": {"repr": "2023-02-21 21:15:48.664224+03:00", "timestamp": 1677003348.664224}}}
{"text": "2023-02-21T21:25:22.446934+0300ERRORUser with username user22221@gmail.com already exists\n", "record": {"elapsed": {"repr": "0:00:02.343591", "seconds": 2.343591}, "exception": null, "extra": {}, "file": {"name": "api_user_controller.py", "path": "/home/user/projects/useful_storage/storage_app/users/controllers/api_user_controller.py"}, "function": "update_user", "level": {"icon": "❌", "name": "ERROR", "no": 40}, "line": 50, "message": "User with username user22221@gmail.com already exists", "module": "api_user_controller", "name": "storage_app.users.controllers.api_user_controller", "process": {"id": 28411, "name": "SpawnProcess-34"}, "thread": {"id": 140693306771264, "name": "MainThread"}, "time": {"repr": "2023-02-21 21:25:22.446934+03:00", "timestamp": 1677003922.446934}}}
{"text": "2023-02-21T21:25:34.316333+0300ERRORUser not saved. Error: (sqlalchemy.dialects.postgresql.asyncpg.IntegrityError) <class 'asyncpg.exceptions.NotNullViolationError'>: null value in column \"password\" violates not-null constraint\nDETAIL:  Failing row contains (1, user22200000@gmail.com, null).\n", "record": {"elapsed": {"repr": "0:00:14.212990", "seconds": 14.21299}, "exception": null, "extra": {}, "file": {"name": "db_user_controller.py", "path": "/home/user/projects/useful_storage/storage_app/users/controllers/db_user_controller.py"}, "function": "update_user", "level": {"icon": "❌", "name": "ERROR", "no": 40}, "line": 69, "message": "User not saved. Error: (sqlalchemy.dialects.postgresql.asyncpg.IntegrityError) <class 'asyncpg.exceptions.NotNullViolationError'>: null value in column \"password\" violates not-null constraint\nDETAIL:  Failing row contains (1, user22200000@gmail.com, null).", "module": "db_user_controller", "name": "storage_app.users.controllers.db_user_controller", "process": {"id": 28411, "name": "SpawnProcess-34"}, "thread": {"id": 140693306771264, "name": "MainThread"}, "time": {"repr": "2023-02-21 21:25:34.316333+03:00", "timestamp": 1677003934.316333}}}
{"text": "2023-02-21T21:27:15.109467+0300ERRORUser not saved. Error: (sqlalchemy.dialects.postgresql.asyncpg.IntegrityError) <class 'asyncpg.exceptions.NotNullViolationError'>: null value in column \"password\" violates not-null constraint\nDETAIL:  Failing row contains (1, user22200000@gmail.com, null).\n", "record": {"elapsed": {"repr": "0:00:00.209929", "seconds": 0.209929}, "exception": null, "extra": {}, "file": {"name": "db_user_controller.py", "path": "/home/user/projects/useful_storage/storage_app/users/controllers/db_user_controller.py"}, "function": "update_user", "level": {"icon": "❌", "name": "ERROR", "no": 40}, "line": 70, "message": "User not saved. Error: (sqlalchemy.dialects.postgresql.asyncpg.IntegrityError) <class 'asyncpg.exceptions.NotNullViolationError'>: null value in column \"password\" violates not-null constraint\nDETAIL:  Failing row contains (1, user22200000@gmail.com, null).", "module": "db_user_controller", "name": "storage_app.users.controllers.db_user_controller", "process": {"id": 28540, "name": "SpawnProcess-35"}, "thread": {"id": 140609349457728, "name": "MainThread"}, "time": {"repr": "2023-02-21 21:27:15.109467+03:00", "timestamp": 1677004035.109467}}}
{"text": "2023-02-21T21:29:19.519067+0300ERRORUser not saved. Error: (sqlalchemy.dialects.postgresql.asyncpg.IntegrityError) <class 'asyncpg.exceptions.NotNullViolationError'>: null value in column \"password\" violates not-null constraint\nDETAIL:  Failing row contains (1, user22200000@gmail.com, null).\n", "record": {"elapsed": {"repr": "0:00:00.117746", "seconds": 0.117746}, "exception": null, "extra": {}, "file": {"name": "db_user_controller.py", "path": "/home/user/projects/useful_storage/storage_app/users/controllers/db_user_controller.py"}, "function": "update_user", "level": {"icon": "❌", "name": "ERROR", "no": 40}, "line": 72, "message": "User not saved. Error: (sqlalchemy.dialects.postgresql.asyncpg.IntegrityError) <class 'asyncpg.exceptions.NotNullViolationError'>: null value in column \"password\" violates not-null constraint\nDETAIL:  Failing row contains (1, user22200000@gmail.com, null).", "module": "db_user_controller", "name": "storage_app.users.controllers.db_user_controller", "process": {"id": 28655, "name": "SpawnProcess-36"}, "thread": {"id": 140525188556608, "name": "MainThread"}, "time": {"repr": "2023-02-21 21:29:19.519067+03:00", "timestamp": 1677004159.519067}}}
{"text": "2023-02-21T21:52:48.099415+0300ERRORUser not saved. Error: (sqlalchemy.dialects.postgresql.asyncpg.IntegrityError) <class 'asyncpg.exceptions.NotNullViolationError'>: null value in column \"password\" violates not-null constraint\nDETAIL:  Failing row contains (1, userphhh0@gmail.com, null).\n", "record": {"elapsed": {"repr": "0:00:00.090296", "seconds": 0.090296}, "exception": null, "extra": {}, "file": {"name": "db_user_controller.py", "path": "/home/user/projects/useful_storage/storage_app/users/controllers/db_user_controller.py"}, "function": "update_user", "level": {"icon": "❌", "name": "ERROR", "no": 40}, "line": 75, "message": "User not saved. Error: (sqlalchemy.dialects.postgresql.asyncpg.IntegrityError) <class 'asyncpg.exceptions.NotNullViolationError'>: null value in column \"password\" violates not-null constraint\nDETAIL:  Failing row contains (1, userphhh0@gmail.com, null).", "module": "db_user_controller", "name": "storage_app.users.controllers.db_user_controller", "process": {"id": 29965, "name": "SpawnProcess-49"}, "thread": {"id": 139718967519040, "name": "MainThread"}, "time": {"repr": "2023-02-21 21:52:48.099415+03:00", "timestamp": 1677005568.099415}}}
{"text": "2023-02-21T21:54:14.736560+0300INFOUser 1 updated\n", "record": {"elapsed": {"repr": "0:00:00.141082", "seconds": 0.141082}, "exception": null, "extra": {}, "file": {"name": "db_user_controller.py", "path": "/home/user/projects/useful_storage/storage_app/users/controllers/db_user_controller.py"}, "function": "update_user", "level": {"icon": "ℹ️", "name": "INFO", "no": 20}, "line": 73, "message": "User 1 updated", "module": "db_user_controller", "name": "storage_app.users.controllers.db_user_controller", "process": {"id": 30053, "name": "SpawnProcess-50"}, "thread": {"id": 140413683640128, "name": "MainThread"}, "time": {"repr": "2023-02-21 21:54:14.736560+03:00", "timestamp": 1677005654.73656}}}
{"text": "2023-02-21T21:54:41.518521+0300INFOUser 1 updated\n", "record": {"elapsed": {"repr": "0:00:26.923043", "seconds": 26.923043}, "exception": null, "extra": {}, "file": {"name": "db_user_controller.py", "path": "/home/user/projects/useful_storage/storage_app/users/controllers/db_user_controller.py"}, "function": "update_user", "level": {"icon": "ℹ️", "name": "INFO", "no": 20}, "line": 73, "message": "User 1 updated", "module": "db_user_controller", "name": "storage_app.users.controllers.db_user_controller", "process": {"id": 30053, "name": "SpawnProcess-50"}, "thread": {"id": 140413683640128, "name": "MainThread"}, "time": {"repr": "2023-02-21 21:54:41.518521+03:00", "timestamp": 1677005681.518521}}}
{"text": "2023-02-21T21:59:04.202363+0300ERRORUser with username dasha@gmail.com already exists\n", "record": {"elapsed": {"repr": "0:04:49.606885", "seconds": 289.606885}, "exception": null, "extra": {}, "file": {"name": "api_user_controller.py", "path": "/home/user/projects/useful_storage/storage_app/users/controllers/api_user_controller.py"}, "function": "update_user", "level": {"icon": "❌", "name": "ERROR", "no": 40}, "line": 49, "message": "User with username dasha@gmail.com already exists", "module": "api_user_controller", "name": "storage_app.users.controllers.api_user_controller", "process": {"id": 30053, "name": "SpawnProcess-50"}, "thread": {"id": 140413683640128, "name": "MainThread"}, "time": {"repr": "2023-02-21 21:59:04.202363+03:00", "timestamp": 1677005944.202363}}}
{"text": "2023-02-21T21:59:48.008403+0300INFOUser 1 updated\n", "record": {"elapsed": {"repr": "0:05:33.412925", "seconds": 333.412925}, "exception": null, "extra": {}, "file": {"name": "db_user_controller.py", "path": "/home/user/projects/useful_storage/storage_app/users/controllers/db_user_controller.py"}, "function": "update_user", "level": {"icon": "ℹ️", "name": "INFO", "no": 20}, "line": 73, "message": "User 1 updated", "module": "db_user_controller", "name": "storage_app.users.controllers.db_user_controller", "process": {"id": 30053, "name": "SpawnProcess-50"}, "thread": {"id": 140413683640128, "name": "MainThread"}, "time": {"repr": "2023-02-21 21:59:48.008403+03:00", "timestamp": 1677005988.008403}}}
{"text": "2023-02-21T22:02:27.609847+0300INFOUser 1 updated\n", "record": {"elapsed": {"repr": "0:00:26.041721", "seconds": 26.041721}, "exception": null, "extra": {}, "file": {"name": "db_user_controller.py", "path": "/home/user/projects/useful_storage/storage_app/users/controllers/db_user_controller.py"}, "function": "update_user", "level": {"icon": "ℹ️", "name": "INFO", "no": 20}, "line": 70, "message": "User 1 updated", "module": "db_user_controller", "name": "storage_app.users.controllers.db_user_controller", "process": {"id": 31203, "name": "SpawnProcess-51"}, "thread": {"id": 140135727937344, "name": "MainThread"}, "time": {"repr": "2023-02-21 22:02:27.609847+03:00", "timestamp": 1677006147.609847}}}
{"text": "2023-02-21T22:03:24.035714+0300INFOUser 1 updated\n", "record": {"elapsed": {"repr": "0:00:08.942756", "seconds": 8.942756}, "exception": null, "extra": {}, "file": {"name": "db_user_controller.py", "path": "/home/user/projects/useful_storage/storage_app/users/controllers/db_user_controller.py"}, "function": "update_user", "level": {"icon": "ℹ️", "name": "INFO", "no": 20}, "line": 70, "message": "User 1 updated", "module": "db_user_controller", "name": "storage_app.users.controllers.db_user_controller", "process": {"id": 31269, "name": "SpawnProcess-52"}, "thread": {"id": 140651805488960, "name": "MainThread"}, "time": {"repr": "2023-02-21 22:03:24.035714+03:00", "timestamp": 1677006204.035714}}}
{"text": "2023-02-21T22:04:04.055528+0300ERRORUser with username hhhhhhhhhjjjjhh@gmail.com already exists\n", "record": {"elapsed": {"repr": "0:00:00.076397", "seconds": 0.076397}, "exception": null, "extra": {}, "file": {"name": "api_user_controller.py", "path": "/home/user/projects/useful_storage/storage_app/users/controllers/api_user_controller.py"}, "function": "update_user", "level": {"icon": "❌", "name": "ERROR", "no": 40}, "line": 49, "message": "User with username hhhhhhhhhjjjjhh@gmail.com already exists", "module": "api_user_controller", "name": "storage_app.users.controllers.api_user_controller", "process": {"id": 31377, "name": "SpawnProcess-53"}, "thread": {"id": 139704553187136, "name": "MainThread"}, "time": {"repr": "2023-02-21 22:04:04.055528+03:00", "timestamp": 1677006244.055528}}}
{"text": "2023-02-21T22:04:30.241203+0300ERRORAttempt to update nonexistent user with id 2\n", "record": {"elapsed": {"repr": "0:00:26.262072", "seconds": 26.262072}, "exception": null, "extra": {}, "file": {"name": "api_user_controller.py", "path": "/home/user/projects/useful_storage/storage_app/users/controllers/api_user_controller.py"}, "function": "update_user", "level": {"icon": "❌", "name": "ERROR", "no": 40}, "line": 45, "message": "Attempt to update nonexistent user with id 2", "module": "api_user_controller", "name": "storage_app.users.controllers.api_user_controller", "process": {"id": 31377, "name": "SpawnProcess-53"}, "thread": {"id": 139704553187136, "name": "MainThread"}, "time": {"repr": "2023-02-21 22:04:30.241203+03:00", "timestamp": 1677006270.241203}}}
{"text": "2023-02-21T22:04:41.887221+0300ERRORAttempt to update nonexistent user with id 18\n", "record": {"elapsed": {"repr": "0:00:37.908090", "seconds": 37.90809}, "exception": null, "extra": {}, "file": {"name": "api_user_controller.py", "path": "/home/user/projects/useful_storage/storage_app/users/controllers/api_user_controller.py"}, "function": "update_user", "level": {"icon": "❌", "name": "ERROR", "no": 40}, "line": 45, "message": "Attempt to update nonexistent user with id 18", "module": "api_user_controller", "name": "storage_app.users.controllers.api_user_controller", "process": {"id": 31377, "name": "SpawnProcess-53"}, "thread": {"id": 139704553187136, "name": "MainThread"}, "time": {"repr": "2023-02-21 22:04:41.887221+03:00", "timestamp": 1677006281.887221}}}
{"text": "2023-02-21T22:04:49.484037+0300INFOUser 22 updated\n", "record": {"elapsed": {"repr": "0:00:45.504906", "seconds": 45.504906}, "exception": null, "extra": {}, "file": {"name": "db_user_controller.py", "path": "/home/user/projects/useful_storage/storage_app/users/controllers/db_user_controller.py"}, "function": "update_user", "level": {"icon": "ℹ️", "name": "INFO", "no": 20}, "line": 70, "message": "User 22 updated", "module": "db_user_controller", "name": "storage_app.users.controllers.db_user_controller", "process": {"id": 31377, "name": "SpawnProcess-53"}, "thread": {"id": 139704553187136, "name": "MainThread"}, "time": {"repr": "2023-02-21 22:04:49.484037+03:00", "timestamp": 1677006289.484037}}}
{"text": "2023-02-21T22:07:16.946010+0300ERRORUser not updated. Error: Class 'sqlalchemy.sql.dml.Update' is not mapped\n", "record": {"elapsed": {"repr": "0:00:07.494065", "seconds": 7.494065}, "exception": null, "extra": {}, "file": {"name": "db_user_controller.py", "path": "/home/user/projects/useful_storage/storage_app/users/controllers/db_user_controller.py"}, "function": "update_user", "level": {"icon": "❌", "name": "ERROR", "no": 40}, "line": 74, "message": "User not updated. Error: Class 'sqlalchemy.sql.dml.Update' is not mapped", "module": "db_user_controller", "name": "storage_app.users.controllers.db_user_controller", "process": {"id": 31534, "name": "SpawnProcess-54"}, "thread": {"id": 139646965876544, "name": "MainThread"}, "time": {"repr": "2023-02-21 22:07:16.946010+03:00", "timestamp": 1677006436.94601}}}
{"text": "2023-02-21T22:08:22.519463+0300ERRORUser with username dasha22@gmail.com already exists\n", "record": {"elapsed": {"repr": "0:00:01.315619", "seconds": 1.315619}, "exception": null, "extra": {}, "file": {"name": "api_user_controller.py", "path": "/home/user/projects/useful_storage/storage_app/users/controllers/api_user_controller.py"}, "function": "update_user", "level": {"icon": "❌", "name": "ERROR", "no": 40}, "line": 49, "message": "User with username dasha22@gmail.com already exists", "module": "api_user_controller", "name": "storage_app.users.controllers.api_user_controller", "process": {"id": 31619, "name": "SpawnProcess-55"}, "thread": {"id": 140703226337088, "name": "MainThread"}, "time": {"repr": "2023-02-21 22:08:22.519463+03:00", "timestamp": 1677006502.519463}}}
{"text": "2023-02-21T22:08:35.687723+0300INFOUser 22 updated\n", "record": {"elapsed": {"repr": "0:00:14.483879", "seconds": 14.483879}, "exception": null, "extra": {}, "file": {"name": "db_user_controller.py", "path": "/home/user/projects/useful_storage/storage_app/users/controllers/db_user_controller.py"}, "function": "update_user", "level": {"icon": "ℹ️", "name": "INFO", "no": 20}, "line": 70, "message": "User 22 updated", "module": "db_user_controller", "name": "storage_app.users.controllers.db_user_controller", "process": {"id": 31619, "name": "SpawnProcess-55"}, "thread": {"id": 140703226337088, "name": "MainThread"}, "time": {"repr": "2023-02-21 22:08:35.687723+03:00", "timestamp": 1677006515.687723}}}
{"text": "2023-02-21T22:15:39.854018+0300ERRORUser with username dasha29@gmail.com already exists\n", "record": {"elapsed": {"repr": "0:00:00.084195", "seconds": 0.084195}, "exception": null, "extra": {}, "file": {"name": "api_user_controller.py", "path": "/home/user/projects/useful_storage/storage_app/users/controllers/api_user_controller.py"}, "function": "update_user", "level": {"icon": "❌", "name": "ERROR", "no": 40}, "line": 49, "message": "User with username dasha29@gmail.com already exists", "module": "api_user_controller", "name": "storage_app.users.controllers.api_user_controller", "process": {"id": 32129, "name": "SpawnProcess-57"}, "thread": {"id": 140573628016448, "name": "MainThread"}, "time": {"repr": "2023-02-21 22:15:39.854018+03:00", "timestamp": 1677006939.854018}}}
{"text": "2023-02-21T22:21:29.617850+0300INFOUser 22 updated\n", "record": {"elapsed": {"repr": "0:00:00.418870", "seconds": 0.41887}, "exception": null, "extra": {}, "file": {"name": "db_user_controller.py", "path": "/home/user/projects/useful_storage/storage_app/users/controllers/db_user_controller.py"}, "function": "update_user", "level": {"icon": "ℹ️", "name": "INFO", "no": 20}, "line": 73, "message": "User 22 updated", "module": "db_user_controller", "name": "storage_app.users.controllers.db_user_controller", "process": {"id": 32454, "name": "SpawnProcess-62"}, "thread": {"id": 140319231592256, "name": "MainThread"}, "time": {"repr": "2023-02-21 22:21:29.617850+03:00", "timestamp": 1677007289.61785}}}
{"text": "2023-02-21T22:25:14.218881+0300INFOUser 22 updated\n", "record": {"elapsed": {"repr": "0:00:01.866937", "seconds": 1.866937}, "exception": null, "extra": {}, "file": {"name": "db_user_controller.py", "path": "/home/user/projects/useful_storage/storage_app/users/controllers/db_user_controller.py"}, "function": "update_user", "level": {"icon": "ℹ️", "name": "INFO", "no": 20}, "line": 67, "message": "User 22 updated", "module": "db_user_controller", "name": "storage_app.users.controllers.db_user_controller", "process": {"id": 32689, "name": "SpawnProcess-64"}, "thread": {"id": 139678350612288, "name": "MainThread"}, "time": {"repr": "2023-02-21 22:25:14.218881+03:00", "timestamp": 1677007514.218881}}}
{"text": "2023-02-21T22:27:55.842788+0300INFOUser 22 updated\n", "record": {"elapsed": {"repr": "0:00:01.568357", "seconds": 1.568357}, "exception": null, "extra": {}, "file": {"name": "db_user_controller.py", "path": "/home/user/projects/useful_storage/storage_app/users/controllers/db_user_controller.py"}, "function": "update_user", "level": {"icon": "ℹ️", "name": "INFO", "no": 20}, "line": 67, "message": "User 22 updated", "module": "db_user_controller", "name": "storage_app.users.controllers.db_user_controller", "process": {"id": 32849, "name": "SpawnProcess-65"}, "thread": {"id": 140245133809472, "name": "MainThread"}, "time": {"repr": "2023-02-21 22:27:55.842788+03:00", "timestamp": 1677007675.842788}}}
{"text": "2023-02-21T22:28:42.454726+0300INFOUser 22 updated\n", "record": {"elapsed": {"repr": "0:00:00.399660", "seconds": 0.39966}, "exception": null, "extra": {}, "file": {"name": "db_user_controller.py", "path": "/home/user/projects/useful_storage/storage_app/users/controllers/db_user_controller.py"}, "function": "update_user", "level": {"icon": "ℹ️", "name": "INFO", "no": 20}, "line": 67, "message": "User 22 updated", "module": "db_user_controller", "name": "storage_app.users.controllers.db_user_controller", "process": {"id": 32897, "name": "SpawnProcess-66"}, "thread": {"id": 140446720366400, "name": "MainThread"}, "time": {"repr": "2023-02-21 22:28:42.454726+03:00", "timestamp": 1677007722.454726}}}
{"text": "2023-02-21T22:29:19.898852+0300INFOUser 22 updated\n", "record": {"elapsed": {"repr": "0:00:00.670881", "seconds": 0.670881}, "exception": null, "extra": {}, "file": {"name": "db_user_controller.py", "path": "/home/user/projects/useful_storage/storage_app/users/controllers/db_user_controller.py"}, "function": "update_user", "level": {"icon": "ℹ️", "name": "INFO", "no": 20}, "line": 67, "message": "User 22 updated", "module": "db_user_controller", "name": "storage_app.users.controllers.db_user_controller", "process": {"id": 32946, "name": "SpawnProcess-67"}, "thread": {"id": 139650768840512, "name": "MainThread"}, "time": {"repr": "2023-02-21 22:29:19.898852+03:00", "timestamp": 1677007759.898852}}}
{"text": "2023-02-21T23:02:46.365264+0300INFOUser dasha1@gmail.com registered\n", "record": {"elapsed": {"repr": "0:00:50.739880", "seconds": 50.73988}, "exception": null, "extra": {}, "file": {"name": "db_user_controller.py", "path": "/home/user/projects/useful_storage/storage_app/users/controllers/db_user_controller.py"}, "function": "create_user", "level": {"icon": "ℹ️", "name": "INFO", "no": 20}, "line": 22, "message": "User dasha1@gmail.com registered", "module": "db_user_controller", "name": "storage_app.users.controllers.db_user_controller", "process": {"id": 34713, "name": "SpawnProcess-70"}, "thread": {"id": 140199676933952, "name": "MainThread"}, "time": {"repr": "2023-02-21 23:02:46.365264+03:00", "timestamp": 1677009766.365264}}}
{"text": "2023-02-21T23:22:23.935095+0300INFONew token created\n", "record": {"elapsed": {"repr": "0:00:49.150301", "seconds": 49.150301}, "exception": null, "extra": {}, "file": {"name": "token_controller.py", "path": "/home/user/projects/useful_storage/storage_app/authentication/controllers/token_controller.py"}, "function": "create_access_token", "level": {"icon": "ℹ️", "name": "INFO", "no": 20}, "line": 20, "message": "New token created", "module": "token_controller", "name": "storage_app.authentication.controllers.token_controller", "process": {"id": 35871, "name": "SpawnProcess-78"}, "thread": {"id": 140039128790848, "name": "MainThread"}, "time": {"repr": "2023-02-21 23:22:23.935095+03:00", "timestamp": 1677010943.935095}}}
{"text": "2023-02-21T23:23:18.047679+0300INFOUser 22 updated\n", "record": {"elapsed": {"repr": "0:01:43.262885", "seconds": 103.262885}, "exception": null, "extra": {}, "file": {"name": "db_user_controller.py", "path": "/home/user/projects/useful_storage/storage_app/users/controllers/db_user_controller.py"}, "function": "update_user", "level": {"icon": "ℹ️", "name": "INFO", "no": 20}, "line": 66, "message": "User 22 updated", "module": "db_user_controller", "name": "storage_app.users.controllers.db_user_controller", "process": {"id": 35871, "name": "SpawnProcess-78"}, "thread": {"id": 140039128790848, "name": "MainThread"}, "time": {"repr": "2023-02-21 23:23:18.047679+03:00", "timestamp": 1677010998.047679}}}
{"text": "2023-02-21T23:23:33.931711+0300INFOUser 22 updated\n", "record": {"elapsed": {"repr": "0:01:59.146917", "seconds": 119.146917}, "exception": null, "extra": {}, "file": {"name": "db_user_controller.py", "path": "/home/user/projects/useful_storage/storage_app/users/controllers/db_user_controller.py"}, "function": "update_user", "level": {"icon": "ℹ️", "name": "INFO", "no": 20}, "line": 66, "message": "User 22 updated", "module": "db_user_controller", "name": "storage_app.users.controllers.db_user_controller", "process": {"id": 35871, "name": "SpawnProcess-78"}, "thread": {"id": 140039128790848, "name": "MainThread"}, "time": {"repr": "2023-02-21 23:23:33.931711+03:00", "timestamp": 1677011013.931711}}}
{"text": "2023-02-21T23:23:52.627797+0300ERRORUser with username us@example.com already exists\n", "record": {"elapsed": {"repr": "0:02:17.843003", "seconds": 137.843003}, "exception": null, "extra": {}, "file": {"name": "api_user_controller.py", "path": "/home/user/projects/useful_storage/storage_app/users/controllers/api_user_controller.py"}, "function": "update_user", "level": {"icon": "❌", "name": "ERROR", "no": 40}, "line": 49, "message": "User with username us@example.com already exists", "module": "api_user_controller", "name": "storage_app.users.controllers.api_user_controller", "process": {"id": 35871, "name": "SpawnProcess-78"}, "thread": {"id": 140039128790848, "name": "MainThread"}, "time": {"repr": "2023-02-21 23:23:52.627797+03:00", "timestamp": 1677011032.627797}}}
{"text": "2023-02-21T23:25:45.742366+0300INFONew token created\n", "record": {"elapsed": {"repr": "0:00:20.996997", "seconds": 20.996997}, "exception": null, "extra": {}, "file": {"name": "token_controller.py", "path": "/home/user/projects/useful_storage/storage_app/authentication/controllers/token_controller.py"}, "function": "create_access_token", "level": {"icon": "ℹ️", "name": "INFO", "no": 20}, "line": 20, "message": "New token created", "module": "token_controller", "name": "storage_app.authentication.controllers.token_controller", "process": {"id": 36102, "name": "SpawnProcess-79"}, "thread": {"id": 139817017042752, "name": "MainThread"}, "time": {"repr": "2023-02-21 23:25:45.742366+03:00", "timestamp": 1677011145.742366}}}
{"text": "2023-02-21T23:42:49.969966+0300INFONew token created\n", "record": {"elapsed": {"repr": "0:00:23.198084", "seconds": 23.198084}, "exception": null, "extra": {}, "file": {"name": "token_controller.py", "path": "/home/user/projects/useful_storage/storage_app/authentication/controllers/token_controller.py"}, "function": "create_access_token", "level": {"icon": "ℹ️", "name": "INFO", "no": 20}, "line": 20, "message": "New token created", "module": "token_controller", "name": "storage_app.authentication.controllers.token_controller", "process": {"id": 36999, "name": "SpawnProcess-81"}, "thread": {"id": 139712401282880, "name": "MainThread"}, "time": {"repr": "2023-02-21 23:42:49.969966+03:00", "timestamp": 1677012169.969966}}}
{"text": "2023-02-21T23:43:04.778512+0300INFOUser 22 updated\n", "record": {"elapsed": {"repr": "0:00:38.006630", "seconds": 38.00663}, "exception": null, "extra": {}, "file": {"name": "db_user_controller.py", "path": "/home/user/projects/useful_storage/storage_app/users/controllers/db_user_controller.py"}, "function": "update_user", "level": {"icon": "ℹ️", "name": "INFO", "no": 20}, "line": 66, "message": "User 22 updated", "module": "db_user_controller", "name": "storage_app.users.controllers.db_user_controller", "process": {"id": 36999, "name": "SpawnProcess-81"}, "thread": {"id": 139712401282880, "name": "MainThread"}, "time": {"repr": "2023-02-21 23:43:04.778512+03:00", "timestamp": 1677012184.778512}}}
